Workbook

Sheet 总览
A1: 财务「发货记录表」× 系统 对账（按步骤）
A2: 顺序：①先对车次 → ②调货人/供货厂 → ③票源 → ④计算路径（人工确认修正）→ ⑤最后看参数差异。各表淡黄色列是给你填确认结果的，填完发回给我，我按确认结果批量改系统。
A4: 步骤 | B4: 对象 | C4: 一致 | D4: 需确认 | E4: 说明
A5: ①车次对账 | B5: 财务101行 | C5: =COUNTIF(①车次对账!K2:K102,"一致*") -> 97 | D5: =COUNTA(①车次对账!K2:K102)-C5 -> 4 | E5: 99 行一一对上；1 行是财务把两车合成一行(8/29 99.68吨 = 苏DBE075 + 冀A224E6)；1 行是 9/21 闫东鹏你还没录。吨位/金额录错 2 处（力拓 9/17 吨位、鑫景通 9/15 财务应收）
A6: ②调货人/供货厂 | B6: 系统车次 | C6: =COUNTIF(②调货人供货厂!J2:J102,"一致") -> 81 | D6: =COUNTA(②调货人供货厂!J2:J102)-C6 -> 20 | E6: 主要是：财务记林凯、系统没填调货人的车（会影响林凯提成）；高栾凤、王荣胜系统里没有这个人；力拓/君盛几车记混；名字写法“闫东鹏/闫东朋”“鑫景通/𠓾景通”
A7: ③票源 | B7: 系统车次 | C7: =COUNTIF(③票源!H2:H102,"一致") -> 76 | D7: =COUNTA(③票源!H2:H102)-C7 -> 25 | E7: 俊兴↔益周（影响票差留存和益周额度）、煌烽↔俊兴/益周（影响利润）、带票车系统挂了俊兴票源（户头通道那几车）
A8: ④计算路径 | B8: 系统车次 | C8: =COUNTIF(④计算路径!H2:H102,"一致") -> 96 | D8: =COUNTA(④计算路径!H2:H102)-C8 -> 5 | E8: 5 车不一致：苏DBB772 8/27、9/14、9/18，鲁DC6106 9/14，苏J19371 9/14(只是名字)；户头通道和直签带票算法相同，算一致
A9: ⑤参数差异 | B9: 路径一致的车 | C9: =COUNTA(⑤参数差异!A3:A97)-D9 -> 45 | D9: =⑤参数差异!Z98 -> 50 | E9: 量补 20/25、林凯提成、煌烽票点 0.865/0.868、王荣胜那条船给客户 13.8%、切割费是否再扣。金额见下
A11: ⑤ 参数差异金额（系统−财务，路径一致的车）
A12: 参数 | B12: 影响金额 | E12: 怎么定
A13: 量补单价 | B13: =⑤参数差异!M98 -> 12531.4 | E13: 8/26~9/05 林凯、邓晶焱的车财务按20，系统按25（财务自己给李涛/高栾凤/王荣胜同期又按25）。确认这段量补到底多少
A14: 调货提成 | B14: =⑤参数差异!P98 -> 4460.529 | E14: 财务记林凯、扣5元/吨的车，系统没填调货人没扣——②确认调货人后这项会消失或保留
A15: 票点系数 | B15: =⑤参数差异!S98 -> 9157.4511 | E15: 煌烽5车财务利润公式用了0.865，应是0.868（同表“带票公司付”列就是0.868），大概率财务公式没改
A16: 给客户点位 | B16: =⑤参数差异!V98 -> 2542.5179 | E16: 王荣胜 8/29 鲁济宁货4095：财务实际按13.8%付客户，系统按14%。若确实按13.8%付的，系统改这一车的“给客户付”
A17: 切割费 | B17: =⑤参数差异!X98 -> -800 | E17: 结算额里已扣切割费，系统又从利润扣一次（4车共800元）。要定规则：切割费客户承担还是我们承担
A18: 取整/其它 | B18: =⑤参数差异!Y98 -> -48.22676 | E18: 财务 INT 取整，每车零点几元，不处理
A19: 合计 | B19: =SUM(B13:B18) -> 27843.671
A20: 另：路径不一致5车的利润差、9/21未录一车，不在上面，见④、①
A22: 填写说明
A23: 淡黄色列 = 请你/财务填写的确认结果；可以下拉选（以系统为准 / 以财务为准 / 正确的票源或链条），也可以直接写正确的名字。其它列是比对结果，不用改。

Sheet ①车次对账
A1: 财务表 | B1: 行 | C1: 财务日期 | D1: 财务吨位 | E1: 财务应收金额 | F1: 系统车次 | G1: 车号 | H1: 系统结算日期 | I1: 系统吨位 | J1: 系统结算金额 | K1: 对账结果 | L1: 差异说明 | M1: 确认/处理（请填）
A2: 林凯 | B2: 2 | C2: 2026-08-19 | D2: 73.58 | E2: 168498.2 | F2: #1 | G2: 苏DBB772 | H2: 2026-08-19 | I2: 73.58 | J2: 168498.2 | K2: 一致
A3: 林凯 | B3: 3 | C3: 2026-08-20 | D3: 34.8 | E3: 84564 | F3: #2 | G3: 苏DFM060 | H3: 2026-08-20 | I3: 34.8 | J3: 84564 | K3: 一致
A4: 林凯 | B4: 4 | C4: 2026-08-21 | D4: 81.16 | E4: 201276.8 | F4: #3 | G4: 苏DBB772 | H4: 2026-08-21 | I4: 81.16 | J4: 201276.8 | K4: 一致
A5: 林凯 | B5: 5 | C5: 2026-08-21 | D5: 36.36 | E5: 83264.4 | F5: #4 | G5: 皖M2A505 | H5: 2026-08-21 | I5: 36.36 | J5: 83264.4 | K5: 一致
A6: 林凯 | B6: 6 | C6: 2026-08-21 | D6: 32.94 | E6: 75432.6 | F6: #5 | G6: 苏EQB977 | H6: 2026-08-21 | I6: 32.94 | J6: 75432.6 | K6: 一致
A7: 林凯 | B7: 7 | C7: 2026-08-21 | D7: 24.41 | E7: 59023.38 | F7: #6 | G7: 苏BUK952 | H7: 2026-08-21 | I7: 24.41 | J7: 59023.38 | K7: 一致
A8: 林凯 | B8: 8 | C8: 2026-08-22 | D8: 69.5 | E8: 159155 | F8: #7 | G8: 苏DBB772 | H8: 2026-08-22 | I8: 69.5 | J8: 159155 | K8: 一致
A9: 林凯 | B9: 9 | C9: 2026-08-22 | D9: 34.24 | E9: 78409.6 | F9: #9 | G9: 苏MAK862 | H9: 2026-08-22 | I9: 34.24 | J9: 78409.6 | K9: 一致
A10: 林凯 | B10: 10 | C10: 2026-08-25 | D10: 81 | E10: 184032 | F10: #10 | G10: 苏DBE075 | H10: 2026-08-25 | I10: 81 | J10: 184032 | K10: 一致
A11: 林凯 | B11: 11 | C11: 2026-08-26 | D11: 560.39 | E11: 1344115.9 | F11: #11 | G11: 苏淮货16776 | H11: 2026-08-27 | I11: 560.39 | J11: 1344115.9 | K11: 一致(日期差) | L11: 日期差1天（船，财务像是结算单日期）
A12: 林凯 | B12: 12 | C12: 2026-08-27 | D12: 40.27 | E12: 93426.4 | F12: #12 | G12: 苏NEX375 | H12: 2026-08-27 | I12: 40.27 | J12: 93426.4 | K12: 一致
A13: 林凯 | B13: 13 | C13: 2026-08-27 | D13: 34.3 | E13: 84206.5 | F13: #13 | G13: 苏DFM060 | H13: 2026-08-27 | I13: 34.3 | J13: 84206.5 | K13: 一致
A14: 林凯 | B14: 14 | C14: 2026-08-27 | D14: 32.05 | E14: 78682.75 | F14: #15 | G14: 苏BDK567 | H14: 2026-08-27 | I14: 32.05 | J14: 78682.75 | K14: 一致
A15: 林凯 | B15: 15 | C15: 2026-08-27 | D15: 28.47 | E15: 68569.64 | F15: #16 | G15: 苏BZP839 | H15: 2026-08-27 | I15: 28.47 | J15: 68569.64 | K15: 一致
A16: 林凯 | B16: 16 | C16: 2026-08-27 | D16: 48.38 | E16: 116112 | F16: #18 | G16: 苏ERS080 | H16: 2026-08-27 | I16: 48.38 | J16: 116112 | K16: 一致
A17: 林凯 | B17: 17 | C17: 2026-08-28 | D17: 81.9 | E17: 191646 | F17: #22 | G17: 苏DFB287 | H17: 2026-08-28 | I17: 81.9 | J17: 191646 | K17: 一致
A18: 林凯 | B18: 18 | C18: 2026-08-28 | D18: 18.52 | E18: 44448 | F18: #21 | G18: 苏DBX137 | H18: 2026-08-28 | I18: 18.52 | J18: 44448 | K18: 一致
A19: 林凯 | B19: 19 | C19: 2026-08-28 | D19: 38.2 | E19: 88624 | F19: #20 | G19: 苏DBE075 | H19: 2026-08-28 | I19: 38.2 | J19: 88624 | K19: 一致
A20: 林凯 | B20: 20 | C20: 2026-08-28 | D20: 55.18 | E20: 130224.8 | F20: #23 | G20: 苏DFM060 | H20: 2026-08-28 | I20: 55.18 | J20: 130224.8 | K20: 一致
A21: 林凯 | B21: 21 | C21: 2026-08-28 | D21: 63.16 | E21: 153352.48 | F21: #24 | G21: 苏DBB772 | H21: 2026-08-28 | I21: 63.16 | J21: 153352.48 | K21: 一致
A22: 林凯 | B22: 22 | C22: 2026-08-28 | D22: 27.22 | E22: 66416.8 | F22: #26 | G22: 苏BUK952 | H22: 2026-08-28 | I22: 27.22 | J22: 66416.8 | K22: 一致
A23: 林凯 | B23: 23 | C23: 2026-08-28 | D23: 34.22 | E23: 83496.8 | F23: #25 | G23: 苏BDK567 | H23: 2026-08-28 | I23: 34.22 | J23: 83496.8 | K23: 一致
... A28: 林凯 | B28: 28 | C28: 2026-08-29 | D28: 48.75 | E28: 117000 | F28: #32 | G28: 苏ERS080 | H28: 2026-08-29 | I28: 48.75 | J28: 117000 | K28: 一致
A29: 林凯 | B29: 29 | C29: 2026-08-29 | D29: 99.68 | E29: 248796.8 | F29: #33+#34 | G29: 苏DBE075 / 冀A224E6 | H29: 2026-08-29 | I29: 99.68 | J29: 248796.8 | K29: 合并 | L29: 财务一行 = 系统两车：苏DBE075 79.68吨 + 冀A224E6 20.0吨，吨位金额合计一致
A30: 林凯 | B30: 30 | C30: 2026-08-29 | D30: 66.06 | E30: 147974.4 | F30: #36 | G30: 苏DBB772 | H30: 2026-08-29 | I30: 66.06 | J30: 147974.4 | K30: 一致
A31: 林凯 | B31: 31 | C31: 2026-08-30 | D31: 67.96 | E31: 152230.4 | F31: #44 | G31: 苏DBB772 | H31: 2026-08-30 | I31: 67.96 | J31: 152230.4 | K31: 一致
A32: 林凯 | B32: 32 | C32: 2026-08-30 | D32: 46.28 | E32: 107924.96 | F32: #43 | G32: 冀A224E6 | H32: 2026-08-30 | I32: 46.28 | J32: 107924.96 | K32: 一致
A33: 林凯 | B33: 33 | C33: 2026-08-30 | D33: 83.78 | E33: 211125.6 | F33: #42 | G33: 苏DBB772 | H33: 2026-08-30 | I33: 83.78 | J33: 211125.6 | K33: 一致
A34: 林凯 | B34: 34 | C34: 2026-08-30 | D34: 43.34 | E34: 101068.88 | F34: #41 | G34: 皖SB2849 | H34: 2026-08-30 | I34: 43.34 | J34: 101068.88 | K34: 一致
A35: 林凯 | B35: 35 | C35: 2026-08-30 | D35: 78.64 | E35: 181501.12 | F35: #38 | G35: 苏DBE961 | H35: 2026-08-30 | I35: 78.64 | J35: 181501.12 | K35: 一致
A36: 林凯 | B36: 36 | C36: 2026-08-30 | D36: 83.26 | E36: 192164.08 | F36: #39 | G36: 苏DFB287 | H36: 2026-08-30 | I36: 83.26 | J36: 192164.08 | K36: 一致
A37: 林凯 | B37: 37 | C37: 2026-08-30 | D37: 81.92 | E37: 205619.2 | F37: #37 | G37: 苏DBE075 | H37: 2026-08-30 | I37: 81.92 | J37: 205619.2 | K37: 一致
A38: 林凯 | B38: 38 | C38: 2026-08-31 | D38: 25.12 | E38: 60288 | F38: #45 | G38: 苏DFM060 | H38: 2026-08-31 | I38: 25.12 | J38: 60288 | K38: 一致
A39: 林凯 | B39: 39 | C39: 2026-08-31 | D39: 29.08 | E39: 71216.92 | F39: #46 | G39: 冀A224E6 | H39: 2026-08-31 | I39: 29.08 | J39: 71216.92 | K39: 一致
A40: 林凯 | B40: 40 | C40: 2026-08-31 | D40: 56.78 | E40: 137407.6 | F40: #47 | G40: 苏DFM060 | H40: 2026-08-31 | I40: 56.78 | J40: 137407.6 | K40: 一致
A41: 林凯 | B41: 41 | C41: 2026-08-31 | D41: 80.96 | E41: 203209.6 | F41: #48 | G41: 苏DBB772 | H41: 2026-08-31 | I41: 80.96 | J41: 203209.6 | K41: 一致
... A46: 林凯 | B46: 46 | C46: 2026-09-01 | D46: 70.76 | E46: 158502.4 | F46: #53 | G46: 苏DBB772 | H46: 2026-09-01 | I46: 70.76 | J46: 158502.4 | K46: 一致
A47: 林凯 | B47: 47 | C47: 2026-09-06 | D47: 719.14 | E47: 1823625.4 | F47: #61 | G47: 皖城兴货688 | H47: 2026-09-05 | I47: 719.14 | J47: 1823625.4 | K47: 一致(日期差) | L47: 日期差1天（船，财务像是结算单日期）
A48: 林凯 | B48: 48 | C48: 2026-09-08 | D48: 613.8 | E48: 1467823.1 | F48: #62 | G48: 鲁济宁货1567 | H48: 2026-09-07 | I48: 613.8 | J48: 1467823.1 | K48: 一致(日期差) | L48: 日期差1天（船，财务像是结算单日期）
A49: 林凯 | B49: 49 | C49: 2026-09-18 | D49: 83.74 | E49: 202650.8 | F49: #89 | G49: 苏DBB772 | H49: 2026-09-18 | I49: 83.74 | J49: 202650.8 | K49: 一致
A50: 林凯 | B50: 50 | C50: 2026-09-18 | D50: 34.02 | E50: 79266.6 | F50: #90 | G50: 苏NEN536 | H50: 2026-09-18 | I50: 34.02 | J50: 79266.6 | K50: 一致
A51: 林凯 | B51: 51 | C51: 2026-09-19 | D51: 33.86 | E51: 78793.8 | F51: #95 | G51: 苏GE2356 | H51: 2026-09-19 | I51: 33.86 | J51: 78793.8 | K51: 一致
A52: 林凯 | B52: 52 | C52: 2026-09-19 | D52: 33.96 | E52: 78619.28 | F52: #96 | G52: 苏NHY179 | H52: 2026-09-19 | I52: 33.96 | J52: 78619.28 | K52: 一致
A53: 林凯-鑫景通 | B53: 2 | C53: 2026-09-12 | D53: 78.04 | E53: 200062.8 | F53: #66 | G53: 苏DBE075 | H53: 2026-09-12 | I53: 78.04 | J53: 200062.8 | K53: 一致
A54: 林凯-鑫景通 | B54: 3 | C54: 2026-09-15 | D54: 71.5 | E54: 200063.8 | F54: #78 | G54: 苏DBB772 | H54: 2026-09-15 | I54: 71.5 | J54: 169455 | K54: 吨位/金额不同 | L54: 金额不同：财务200,063.80，系统169,455.00（财务应收写死了，按71.5×2370应为169,455）
A55: 林凯-君盛 | B55: 2 | C55: 2026-08-27 | D55: 66.22 | E55: 148332.8 | F55: #14 | G55: 苏DBB772 | H55: 2026-08-27 | I55: 66.22 | J55: 148332.8 | K55: 一致
A56: 林凯-君盛 | B56: 3 | C56: 2026-09-12 | D56: 65.44 | E56: 147240 | F56: #68 | G56: 苏DBE075 | H56: 2026-09-12 | I56: 65.44 | J56: 147240 | K56: 一致
A57: 林凯-君盛 | B57: 4 | C57: 2026-09-14 | D57: 60.9 | E57: 137025 | F57: #69 | G57: 苏DBB772 | H57: 2026-09-14 | I57: 60.9 | J57: 137025 | K57: 一致
A58: 林凯-君盛 | B58: 5 | C58: 2026-09-15 | D58: 31.38 | E58: 70605 | F58: #79 | G58: 苏DBE961 | H58: 2026-09-15 | I58: 31.38 | J58: 70605 | K58: 一致
A59: 林凯-君盛 | B59: 6 | C59: 2026-09-15 | D59: 31.46 | E59: 70785 | F59: #74 | G59: 苏DBE075 | H59: 2026-09-15 | I59: 31.46 | J59: 70785 | K59: 一致
A60: 林凯-君盛 | B60: 7 | C60: 2026-09-17 | D60: 28.84 | E60: 66389.68 | F60: #87 | G60: 苏DBB772 | H60: 2026-09-17 | I60: 28.84 | J60: 66389.68 | K60: 一致
A61: 林凯-君盛 | B61: 8 | C61: 2026-09-18 | D61: 30.72 | E61: 70717.44 | F61: #91 | G61: 苏DBE075 | H61: 2026-09-18 | I61: 30.72 | J61: 70717.44 | K61: 一致
A62: 林凯-君盛 | B62: 9 | C62: 2026-09-18 | D62: 31.32 | E62: 72098.64 | F62: #92 | G62: 苏DBB772 | H62: 2026-09-18 | I62: 31.32 | J62: 72098.64 | K62: 一致
A63: 林凯-君盛 | B63: 10 | C63: 2026-09-20 | D63: 32.12 | E63: 73940.24 | F63: #98 | G63: 苏DBB772 | H63: 2026-09-20 | I63: 32.12 | J63: 73940.24 | K63: 一致
A64: 林凯-君盛 | B64: 11 | C64: 2026-09-20 | D64: 32.72 | E64: 75321.44 | F64: #99 | G64: 苏DBE075 | H64: 2026-09-20 | I64: 32.72 | J64: 75321.44 | K64: 一致
A65: 林凯-力拓 | B65: 2 | C65: 2026-09-10 | D65: 82.26 | E65: 208117.8 | F65: #63 | G65: 苏DBE075 | H65: 2026-09-10 | I65: 82.26 | J65: 208117.8 | K65: 一致
A66: 林凯-力拓 | B66: 3 | C66: 2026-09-11 | D66: 82.2 | E66: 207966 | F66: #64 | G66: 苏DBB772 | H66: 2026-09-11 | I66: 82.2 | J66: 207966 | K66: 一致
A67: 林凯-力拓 | B67: 4 | C67: 2026-09-11 | D67: 79.76 | E67: 181852.8 | F67: #65 | G67: 苏DBE961 | H67: 2026-09-12 | I67: 79.76 | J67: 181852.8 | K67: 一致(日期差) | L67: 日期差1天
A68: 林凯-力拓 | B68: 5 | C68: 2026-09-14 | D68: 75.88 | E68: 191976.4 | F68: #70 | G68: 苏DBE961 | H68: 2026-09-14 | I68: 75.88 | J68: 191976.4 | K68: 一致
A69: 林凯-力拓 | B69: 6 | C69: 2026-09-17 | D69: 29.97 | E69: 68576.58 | F69: #86 | G69: 苏DBE075 | H69: 2026-09-17 | I69: 29.79 | J69: 68576.58 | K69: 吨位/金额不同 | L69: 吨位不同：财务29.97，系统29.79
A70: 林凯-力拓 | B70: 7 | C70: 2026-09-17 | D70: 81.46 | E70: 206093.8 | F70: #83 | G70: 苏DBE075 | H70: 2026-09-17 | I70: 81.46 | J70: 206093.8 | K70: 一致
A71: 林凯-兴德 | B71: 2 | C71: 2026-09-19 | D71: 30.06 | E71: 75450.6 | F71: #97 | G71: 皖SG1498 | H71: 2026-09-19 | I71: 30.06 | J71: 75450.6 | K71: 一致
A72: 林凯-兴德 | B72: 3 | C72: 2026-09-20 | D72: 57.86 | E72: 147543 | F72: #100 | G72: 苏BYR535 | H72: 2026-09-20 | I72: 57.86 | J72: 147543 | K72: 一致
A73: 林凯-兴德 | B73: 4 | C73: 2026-09-20 | D73: 42.94 | E73: 109497 | F73: #101 | G73: 冀A224E6 | H73: 2026-09-20 | I73: 42.94 | J73: 109497 | K73: 一致
A74: 林凯-兴德 | B74: 5 | C74: 2026-09-20 | D74: 75.44 | E74: 196898.4 | F74: #102 | G74: 苏DBB772 | H74: 2026-09-20 | I74: 75.44 | J74: 196898.4 | K74: 一致
A75: 李涛 | B75: 2 | C75: 2026-08-30 | D75: 32.42 | E75: 77808 | F75: #40 | G75: 苏BTQ938 | H75: 2026-08-30 | I75: 32.42 | J75: 77808 | K75: 一致
A76: 李涛 | B76: 3 | C76: 2026-09-03 | D76: 35.72 | E76: 86442.4 | F76: #56 | G76: 苏NER821 | H76: 2026-09-03 | I76: 35.72 | J76: 86442.4 | K76: 一致
A77: 李涛 | B77: 4 | C77: 2026-09-04 | D77: 38.07 | E77: 91748.7 | F77: #58 | G77: 皖SG1123 | H77: 2026-09-04 | I77: 38.07 | J77: 91748.7 | K77: 一致
A78: 李涛 | B78: 5 | C78: 2026-09-04 | D78: 35.28 | E78: 68714.8 | F78: #59 | G78: 皖LE9644 | H78: 2026-09-04 | I78: 35.28 | J78: 68714.8 | K78: 一致
A79: 邓晶焱 | B79: 2 | C79: 2026-08-22 | D79: 39.16 | E79: 91242.8 | F79: #8 | G79: 苏E9W908 | H79: 2026-08-22 | I79: 39.16 | J79: 91242.8 | K79: 一致
A80: 邓晶焱 | B80: 3 | C80: 2026-08-27 | D80: 38.78 | E80: 89969.6 | F80: #17 | G80: 苏NEV615 | H80: 2026-08-27 | I80: 38.78 | J80: 89969.6 | K80: 一致
A81: 邓晶焱 | B81: 4 | C81: 2026-08-29 | D81: 39.96 | E81: 93186.72 | F81: #35 | G81: 苏AE8896 | H81: 2026-08-29 | I81: 39.96 | J81: 93186.72 | K81: 一致
... A95: 闫东鹏 | B95: 9 | C95: 2026-09-19 | D95: 30.22 | E95: 75852.2 | F95: #94 | G95: 皖AP7737 | H95: 2026-09-19 | I95: 30.22 | J95: 75852.2 | K95: 一致
A96: 闫东鹏 | B96: 10 | C96: 2026-09-21 | D96: 27.98 | E96: 70229.8 | K96: 系统未录 | L96: 9/21 闫东鹏反向这车你还没录入（财务表自己的合计公式也没算这一行） | M96: 待录入
A97: 尹鹏飞 | B97: 2 | C97: 2026-09-03 | D97: 481.77 | E97: 1181813.6 | F97: #54 | G97: 通海机9998 | H97: 2026-09-01 | I97: 481.77 | J97: 1181813.6 | K97: 一致(日期差) | L97: 日期差2天（船，财务像是结算单日期）
A98: 尹鹏飞 | B98: 3 | C98: 2026-09-05 | D98: 560.21 | E98: 1381864.1 | F98: #57 | G98: 苏兴达货8566 | H98: 2026-09-03 | I98: 560.21 | J98: 1381864.1 | K98: 一致(日期差) | L98: 日期差2天（船，财务像是结算单日期）
A99: 尹鹏飞 | B99: 4 | C99: 2026-09-16 | D99: 589.24 | E99: 1444596.1 | F99: #80 | G99: 皖四航6058 | H99: 2026-09-15 | I99: 589.24 | J99: 1444596.1 | K99: 一致(日期差) | L99: 日期差1天
A100: 尹鹏飞 | B100: 5 | C100: 2026-09-19 | D100: 646.85 | E100: 1563945.8 | F100: #93 | G100: 苏通源货6666 | H100: 2026-09-18 | I100: 646.85 | J100: 1563945.8 | K100: 一致(日期差) | L100: 日期差1天（船，财务像是结算单日期）
A101: 王荣胜 | B101: 2 | C101: 2026-08-29 | D101: 518.48 | E101: 1271259 | F101: #19 | G101: 鲁济宁货4095 | H101: 2026-08-27 | I101: 518.48 | J101: 1271259 | K101: 一致(日期差) | L101: 日期差2天（船，财务像是结算单日期）
A102: 陈杰 | B102: 2 | C102: 2026-09-04 | D102: 39.12 | E102: 89584.8 | F102: #60 | G102: 苏K66529 | H102: 2026-09-04 | I102: 39.12 | J102: 89584.8 | K102: 一致

Sheet ②调货人供货厂
A1: 财务表 | B1: 行 | C1: 财务日期 | D1: 车号 | E1: 系统车次 | F1: 财务归属：调货人 | G1: 财务归属：供货厂 | H1: 系统调货人 | I1: 系统供货厂 | J1: 对比结果 | K1: 说明 | L1: 确认：正确调货人（请填） | M1: 确认：正确供货厂（请填）
A2: 林凯 | B2: 2 | C2: 2026-08-19 | D2: 苏DBB772 | E2: #1 | F2: 林凯 | G2: — | H2: 林凯 | I2: 林凯 | J2: 一致
A3: 林凯 | B3: 3 | C3: 2026-08-20 | D3: 苏DFM060 | E3: #2 | F3: 林凯 | G3: — | H3: 林凯 | I3: 林凯 | J3: 一致
A4: 林凯 | B4: 4 | C4: 2026-08-21 | D4: 苏DBB772 | E4: #3 | F4: 林凯 | G4: — | H4: 林凯 | I4: 林凯 | J4: 一致
A5: 林凯 | B5: 5 | C5: 2026-08-21 | D5: 皖M2A505 | E5: #4 | F5: 林凯 | G5: — | H5: （未填） | I5: 俊兴 | J5: 系统未填调货人 | K5: 财务记林凯（并扣了林凯提成）
A6: 林凯 | B6: 6 | C6: 2026-08-21 | D6: 苏EQB977 | E6: #5 | F6: 林凯 | G6: — | H6: （未填） | I6: 俊兴 | J6: 系统未填调货人 | K6: 财务记林凯（并扣了林凯提成）
A7: 林凯 | B7: 7 | C7: 2026-08-21 | D7: 苏BUK952 | E7: #6 | F7: 林凯 | G7: — | H7: 林凯 | I7: 林凯 | J7: 一致
A8: 林凯 | B8: 8 | C8: 2026-08-22 | D8: 苏DBB772 | E8: #7 | F8: 林凯 | G8: — | H8: 林凯 | I8: 林凯 | J8: 一致
A9: 林凯 | B9: 9 | C9: 2026-08-22 | D9: 苏MAK862 | E9: #9 | F9: 林凯 | G9: — | H9: （未填） | I9: 俊兴 | J9: 系统未填调货人 | K9: 财务记林凯（并扣了林凯提成）
A10: 林凯 | B10: 10 | C10: 2026-08-25 | D10: 苏DBE075 | E10: #10 | F10: 林凯 | G10: — | H10: 林凯 | I10: 林凯 | J10: 一致
A11: 林凯 | B11: 11 | C11: 2026-08-26 | D11: 苏淮货16776 | E11: #11 | F11: 林凯 | G11: — | H11: （未填） | I11: 俊兴 | J11: 系统未填调货人 | K11: 财务记林凯（并扣了林凯提成）
A12: 林凯 | B12: 12 | C12: 2026-08-27 | D12: 苏NEX375 | E12: #12 | F12: 林凯 | G12: — | H12: 林凯 | I12: 林凯 | J12: 一致
A13: 林凯 | B13: 13 | C13: 2026-08-27 | D13: 苏DFM060 | E13: #13 | F13: 林凯 | G13: — | H13: 林凯 | I13: 林凯 | J13: 一致
A14: 林凯 | B14: 14 | C14: 2026-08-27 | D14: 苏BDK567 | E14: #15 | F14: 林凯 | G14: — | H14: 林凯 | I14: 林凯 | J14: 一致
A15: 林凯 | B15: 15 | C15: 2026-08-27 | D15: 苏BZP839 | E15: #16 | F15: 林凯 | G15: — | H15: 林凯 | I15: 林凯 | J15: 一致
A16: 林凯 | B16: 16 | C16: 2026-08-27 | D16: 苏ERS080 | E16: #18 | F16: 林凯 | G16: — | H16: 林凯 | I16: 林凯 | J16: 一致
A17: 林凯 | B17: 17 | C17: 2026-08-28 | D17: 苏DFB287 | E17: #22 | F17: 林凯 | G17: — | H17: 林凯 | I17: 林凯 | J17: 一致
A18: 林凯 | B18: 18 | C18: 2026-08-28 | D18: 苏DBX137 | E18: #21 | F18: 林凯 | G18: — | H18: 林凯 | I18: 林凯 | J18: 一致
A19: 林凯 | B19: 19 | C19: 2026-08-28 | D19: 苏DBE075 | E19: #20 | F19: 林凯 | G19: — | H19: 林凯 | I19: 林凯 | J19: 一致
A20: 林凯 | B20: 20 | C20: 2026-08-28 | D20: 苏DFM060 | E20: #23 | F20: 林凯 | G20: — | H20: 林凯 | I20: 林凯 | J20: 一致
A21: 林凯 | B21: 21 | C21: 2026-08-28 | D21: 苏DBB772 | E21: #24 | F21: 林凯 | G21: — | H21: 林凯 | I21: 林凯 | J21: 一致
A22: 林凯 | B22: 22 | C22: 2026-08-28 | D22: 苏BUK952 | E22: #26 | F22: 林凯 | G22: — | H22: 林凯 | I22: 林凯 | J22: 一致
A23: 林凯 | B23: 23 | C23: 2026-08-28 | D23: 苏BDK567 | E23: #25 | F23: 林凯 | G23: — | H23: 林凯 | I23: 林凯 | J23: 一致
... A28: 林凯 | B28: 28 | C28: 2026-08-29 | D28: 苏ERS080 | E28: #32 | F28: 林凯 | G28: — | H28: 林凯 | I28: 林凯 | J28: 一致
A29: 林凯 | B29: 29 | C29: 2026-08-29 | D29: 苏DBE075 | E29: #33 | F29: 林凯 | G29: — | H29: 林凯 | I29: 林凯 | J29: 一致 | K29: ；（财务这一行是两车合并）
A30: 林凯 | B30: 29 | C30: 2026-08-29 | D30: 冀A224E6 | E30: #34 | F30: 林凯 | G30: — | H30: （未填） | I30: 俊兴 | J30: 系统未填调货人 | K30: 财务记林凯（并扣了林凯提成）；（财务这一行是两车合并）
A31: 林凯 | B31: 30 | C31: 2026-08-29 | D31: 苏DBB772 | E31: #36 | F31: 林凯 | G31: — | H31: 林凯 | I31: 林凯 | J31: 一致
A32: 林凯 | B32: 31 | C32: 2026-08-30 | D32: 苏DBB772 | E32: #44 | F32: 林凯 | G32: — | H32: 林凯 | I32: 林凯 | J32: 一致
A33: 林凯 | B33: 32 | C33: 2026-08-30 | D33: 冀A224E6 | E33: #43 | F33: 林凯 | G33: — | H33: （未填） | I33: 俊兴 | J33: 系统未填调货人 | K33: 财务记林凯（并扣了林凯提成）
A34: 林凯 | B34: 33 | C34: 2026-08-30 | D34: 苏DBB772 | E34: #42 | F34: 林凯 | G34: — | H34: 林凯 | I34: 林凯 | J34: 一致
A35: 林凯 | B35: 34 | C35: 2026-08-30 | D35: 皖SB2849 | E35: #41 | F35: 林凯 | G35: — | H35: 林凯 | I35: 林凯 | J35: 一致
A36: 林凯 | B36: 35 | C36: 2026-08-30 | D36: 苏DBE961 | E36: #38 | F36: 林凯 | G36: — | H36: （未填） | I36: 俊兴 | J36: 系统未填调货人 | K36: 财务记林凯（并扣了林凯提成）
A37: 林凯 | B37: 36 | C37: 2026-08-30 | D37: 苏DFB287 | E37: #39 | F37: 林凯 | G37: — | H37: （未填） | I37: 俊兴 | J37: 系统未填调货人 | K37: 财务记林凯（并扣了林凯提成）
A38: 林凯 | B38: 37 | C38: 2026-08-30 | D38: 苏DBE075 | E38: #37 | F38: 林凯 | G38: — | H38: 林凯 | I38: 林凯 | J38: 一致
A39: 林凯 | B39: 38 | C39: 2026-08-31 | D39: 苏DFM060 | E39: #45 | F39: 林凯 | G39: — | H39: 林凯 | I39: 林凯 | J39: 一致
A40: 林凯 | B40: 39 | C40: 2026-08-31 | D40: 冀A224E6 | E40: #46 | F40: 林凯 | G40: — | H40: 林凯 | I40: 林凯 | J40: 一致
A41: 林凯 | B41: 40 | C41: 2026-08-31 | D41: 苏DFM060 | E41: #47 | F41: 林凯 | G41: — | H41: 林凯 | I41: 林凯 | J41: 一致
A42: 林凯 | B42: 41 | C42: 2026-08-31 | D42: 苏DBB772 | E42: #48 | F42: 林凯 | G42: — | H42: 林凯 | I42: 林凯 | J42: 一致
A43: 林凯 | B43: 42 | C43: 2026-08-31 | D43: 苏DBB772 | E43: #49 | F43: 林凯 | G43: — | H43: 林凯 | I43: 林凯 | J43: 一致
A44: 林凯 | B44: 43 | C44: 2026-09-01 | D44: 苏ERS080 | E44: #50 | F44: 林凯 | G44: — | H44: 林凯 | I44: 林凯 | J44: 一致
A45: 林凯 | B45: 44 | C45: 2026-09-01 | D45: 苏DFM060 | E45: #51 | F45: 林凯 | G45: — | H45: 林凯 | I45: 林凯 | J45: 一致
A46: 林凯 | B46: 45 | C46: 2026-09-01 | D46: 苏DBX137 | E46: #52 | F46: 林凯 | G46: — | H46: 林凯 | I46: 林凯 | J46: 一致
A47: 林凯 | B47: 46 | C47: 2026-09-01 | D47: 苏DBB772 | E47: #53 | F47: 林凯 | G47: — | H47: 林凯 | I47: 林凯 | J47: 一致
A48: 林凯 | B48: 47 | C48: 2026-09-06 | D48: 皖城兴货688 | E48: #61 | F48: 林凯 | G48: — | H48: 林凯 | I48: 林凯 | J48: 一致
A49: 林凯 | B49: 48 | C49: 2026-09-08 | D49: 鲁济宁货1567 | E49: #62 | F49: 林凯 | G49: — | H49: 林凯 | I49: 林凯 | J49: 一致
... A53: 林凯 | B53: 52 | C53: 2026-09-19 | D53: 苏NHY179 | E53: #96 | F53: 林凯 | G53: — | H53: 林凯 | I53: （未填） | J53: 一致
A54: 林凯-鑫景通 | B54: 2 | C54: 2026-09-12 | D54: 苏DBE075 | E54: #66 | F54: 林凯 | G54: 鑫景通 | H54: 林凯 | I54: 𠓾景通 | J54: 一致 | K54: 名字写法不同：财务“鑫景通”，系统“𠓾景通”（系统这个字像是录错了）
A55: 林凯-鑫景通 | B55: 3 | C55: 2026-09-15 | D55: 苏DBB772 | E55: #78 | F55: 林凯 | G55: 鑫景通 | H55: 林凯 | I55: 𠓾景通 | J55: 一致 | K55: 名字写法不同：财务“鑫景通”，系统“𠓾景通”（系统这个字像是录错了）
A56: 林凯-君盛 | B56: 2 | C56: 2026-08-27 | D56: 苏DBB772 | E56: #14 | F56: 林凯 | G56: 君盛 | H56: 林凯 | I56: 君盛 | J56: 一致
A57: 林凯-君盛 | B57: 3 | C57: 2026-09-12 | D57: 苏DBE075 | E57: #68 | F57: 林凯 | G57: 君盛 | H57: 林凯 | I57: 君盛 | J57: 一致
A58: 林凯-君盛 | B58: 4 | C58: 2026-09-14 | D58: 苏DBB772 | E58: #69 | F58: 林凯 | G58: 君盛 | H58: 林凯 | I58: 林凯 | J58: 供货厂不同 | K58: 供货厂：财务君盛，系统林凯
A59: 林凯-君盛 | B59: 5 | C59: 2026-09-15 | D59: 苏DBE961 | E59: #79 | F59: 林凯 | G59: 君盛 | H59: 林凯 | I59: 君盛 | J59: 一致
A60: 林凯-君盛 | B60: 6 | C60: 2026-09-15 | D60: 苏DBE075 | E60: #74 | F60: 林凯 | G60: 君盛 | H60: 林凯 | I60: 君盛 | J60: 一致
A61: 林凯-君盛 | B61: 7 | C61: 2026-09-17 | D61: 苏DBB772 | E61: #87 | F61: 林凯 | G61: 君盛 | H61: 林凯 | I61: 君盛 | J61: 一致
A62: 林凯-君盛 | B62: 8 | C62: 2026-09-18 | D62: 苏DBE075 | E62: #91 | F62: 林凯 | G62: 君盛 | H62: 林凯 | I62: 君盛 | J62: 一致
A63: 林凯-君盛 | B63: 9 | C63: 2026-09-18 | D63: 苏DBB772 | E63: #92 | F63: 林凯 | G63: 君盛 | H63: 林凯 | I63: 君盛 | J63: 一致
A64: 林凯-君盛 | B64: 10 | C64: 2026-09-20 | D64: 苏DBB772 | E64: #98 | F64: 林凯 | G64: 君盛 | H64: 林凯 | I64: 君盛 | J64: 一致
A65: 林凯-君盛 | B65: 11 | C65: 2026-09-20 | D65: 苏DBE075 | E65: #99 | F65: 林凯 | G65: 君盛 | H65: 林凯 | I65: 君盛 | J65: 一致
A66: 林凯-力拓 | B66: 2 | C66: 2026-09-10 | D66: 苏DBE075 | E66: #63 | F66: 林凯 | G66: 力拓 | H66: 林凯 | I66: 君盛 | J66: 供货厂不同 | K66: 供货厂：财务力拓，系统君盛
A67: 林凯-力拓 | B67: 3 | C67: 2026-09-11 | D67: 苏DBB772 | E67: #64 | F67: 林凯 | G67: 力拓 | H67: 林凯 | I67: 君盛 | J67: 供货厂不同 | K67: 供货厂：财务力拓，系统君盛
A68: 林凯-力拓 | B68: 4 | C68: 2026-09-11 | D68: 苏DBE961 | E68: #65 | F68: 林凯 | G68: 力拓 | H68: 林凯 | I68: 力拓 | J68: 一致
A69: 林凯-力拓 | B69: 5 | C69: 2026-09-14 | D69: 苏DBE961 | E69: #70 | F69: 林凯 | G69: 力拓 | H69: 林凯 | I69: 力拓 | J69: 一致
A70: 林凯-力拓 | B70: 6 | C70: 2026-09-17 | D70: 苏DBE075 | E70: #86 | F70: 林凯 | G70: 力拓 | H70: 林凯 | I70: 君盛 | J70: 供货厂不同 | K70: 供货厂：财务力拓，系统君盛
A71: 林凯-力拓 | B71: 7 | C71: 2026-09-17 | D71: 苏DBE075 | E71: #83 | F71: 林凯 | G71: 力拓 | H71: 林凯 | I71: 力拓 | J71: 一致
A72: 林凯-兴德 | B72: 2 | C72: 2026-09-19 | D72: 皖SG1498 | E72: #97 | F72: 林凯 | G72: 兴德 | H72: 林凯 | I72: 兴德 | J72: 一致
A73: 林凯-兴德 | B73: 3 | C73: 2026-09-20 | D73: 苏BYR535 | E73: #100 | F73: 林凯 | G73: 兴德 | H73: 林凯 | I73: 兴德 | J73: 一致
A74: 林凯-兴德 | B74: 4 | C74: 2026-09-20 | D74: 冀A224E6 | E74: #101 | F74: 林凯 | G74: 兴德 | H74: 林凯 | I74: 兴德 | J74: 一致
A75: 林凯-兴德 | B75: 5 | C75: 2026-09-20 | D75: 苏DBB772 | E75: #102 | F75: 林凯 | G75: 兴德 | H75: 林凯 | I75: 兴德 | J75: 一致
A76: 李涛 | B76: 2 | C76: 2026-08-30 | D76: 苏BTQ938 | E76: #40 | F76: 李涛（按人分表） | H76: 李涛 | I76: 李涛 | J76: 一致
A77: 李涛 | B77: 3 | C77: 2026-09-03 | D77: 苏NER821 | E77: #56 | F77: 李涛（按人分表） | H77: 李涛 | I77: 李涛 | J77: 一致
A78: 李涛 | B78: 4 | C78: 2026-09-04 | D78: 皖SG1123 | E78: #58 | F78: 李涛（按人分表） | H78: 李涛 | I78: 李涛 | J78: 一致
A79: 李涛 | B79: 5 | C79: 2026-09-04 | D79: 皖LE9644 | E79: #59 | F79: 李涛（按人分表） | H79: 李涛 | I79: 李涛 | J79: 一致
A80: 邓晶焱 | B80: 2 | C80: 2026-08-22 | D80: 苏E9W908 | E80: #8 | F80: 邓晶焱（按人分表） | H80: 邓晶焱 | I80: 邓晶焱 | J80: 一致
A81: 邓晶焱 | B81: 3 | C81: 2026-08-27 | D81: 苏NEV615 | E81: #17 | F81: 邓晶焱（按人分表） | H81: （未填） | I81: 俊兴 | J81: 系统未填调货人 | K81: 财务记在“邓晶焱”名下，系统没填调货人、供货厂是“俊兴”
A82: 邓晶焱 | B82: 4 | C82: 2026-08-29 | D82: 苏AE8896 | E82: #35 | F82: 邓晶焱（按人分表） | H82: （未填） | I82: 俊兴 | J82: 系统未填调货人 | K82: 财务记在“邓晶焱”名下，系统没填调货人、供货厂是“俊兴”
A83: 邓晶焱 | B83: 5 | C83: 2026-09-12 | D83: 皖F30399 | E83: #67 | F83: 邓晶焱（按人分表） | H83: 邓晶焱 | I83: 邓晶焱 | J83: 一致
A84: 邓晶焱 | B84: 6 | C84: 2026-09-15 | D84: 苏ELU629 | E84: #73 | F84: 邓晶焱（按人分表） | H84: （未填） | I84: 邓晶焱 | J84: 一致
A85: 邓晶焱 | B85: 7 | C85: 2026-09-16 | D85: 皖AK6033 | E85: #82 | F85: 邓晶焱（按人分表） | H85: （未填） | I85: 邓晶焱 | J85: 一致
A86: 高栾凤 | B86: 2 | C86: 2026-08-28 | D86: 皖KQ1052 | E86: #27 | F86: 高栾凤（按人分表） | H86: （未填） | I86: 俊兴 | J86: 系统没有此人 | K86: 财务按“高栾凤”记，系统档案里没有这个人；系统记的是 无调货人：俊兴
A87: 高栾凤 | B87: 3 | C87: 2026-09-14 | D87: 鲁DC6106 | E87: #71 | F87: 高栾凤（按人分表） | H87: 邓晶焱 | I87: 邓晶焱 | J87: 系统没有此人 | K87: 财务按“高栾凤”记，系统档案里没有这个人；系统记的是 邓晶焱：邓晶焱
A88: 高栾凤 | B88: 4 | C88: 2026-09-15 | D88: 苏CLK667 | E88: #77 | F88: 高栾凤（按人分表） | H88: （未填） | I88: 邓晶焱 | J88: 系统没有此人 | K88: 财务按“高栾凤”记，系统档案里没有这个人；系统记的是 无调货人：邓晶焱
A89: 闫东鹏 | B89: 2 | C89: 2026-09-02 | D89: 苏BXT103 | E89: #55 | F89: 闫东鹏（按人分表） | H89: 闫东朋 | I89: 闫东朋 | J89: 一致 | K89: 名字写法不同：财务“闫东鹏”，系统“闫东朋”
A90: 闫东鹏 | B90: 3 | C90: 2026-09-14 | D90: 苏J19371 | E90: #72 | F90: 闫东鹏（按人分表） | H90: 闫东朋 | I90: 闫东朋 | J90: 一致 | K90: 名字写法不同：财务“闫东鹏”，系统“闫东朋”
A91: 闫东鹏 | B91: 4 | C91: 2026-09-15 | D91: 苏J19371 | E91: #76 | F91: 闫东鹏（按人分表） | H91: 闫东朋 | I91: 闫东朋 | J91: 一致 | K91: 名字写法不同：财务“闫东鹏”，系统“闫东朋”
A92: 闫东鹏 | B92: 5 | C92: 2026-09-15 | D92: 苏L80153 | E92: #75 | F92: 闫东鹏（按人分表） | H92: 闫东朋 | I92: 闫东朋 | J92: 一致 | K92: 名字写法不同：财务“闫东鹏”，系统“闫东朋”
A93: 闫东鹏 | B93: 6 | C93: 2026-09-16 | D93: 皖SC6167 | E93: #81 | F93: 闫东鹏（按人分表） | H93: 闫东朋 | I93: 闫东朋 | J93: 一致 | K93: 名字写法不同：财务“闫东鹏”，系统“闫东朋”
A94: 闫东鹏 | B94: 7 | C94: 2026-09-17 | D94: 苏J19371 | E94: #85 | F94: 闫东鹏（按人分表） | H94: 闫东朋 | I94: 闫东朋 | J94: 一致 | K94: 名字写法不同：财务“闫东鹏”，系统“闫东朋”
A95: 闫东鹏 | B95: 8 | C95: 2026-09-17 | D95: 皖AP1626 | E95: #84 | F95: 闫东鹏（按人分表） | H95: 闫东朋 | I95: 闫东朋 | J95: 一致 | K95: 名字写法不同：财务“闫东鹏”，系统“闫东朋”
A96: 闫东鹏 | B96: 9 | C96: 2026-09-19 | D96: 皖AP7737 | E96: #94 | F96: 闫东鹏（按人分表） | H96: 闫东朋 | I96: （未填） | J96: 一致 | K96: 名字写法不同：财务“闫东鹏”，系统“闫东朋”
A97: 尹鹏飞 | B97: 2 | C97: 2026-09-03 | D97: 通海机9998 | E97: #54 | F97: 尹鹏飞（按人分表） | H97: （未填） | I97: 俊兴 | J97: 系统未填调货人 | K97: 财务记在“尹鹏飞”名下，系统没填调货人、供货厂是“俊兴”
A98: 尹鹏飞 | B98: 3 | C98: 2026-09-05 | D98: 苏兴达货8566 | E98: #57 | F98: 尹鹏飞（按人分表） | H98: （未填） | I98: 俊兴 | J98: 系统未填调货人 | K98: 财务记在“尹鹏飞”名下，系统没填调货人、供货厂是“俊兴”
A99: 尹鹏飞 | B99: 4 | C99: 2026-09-16 | D99: 皖四航6058 | E99: #80 | F99: 尹鹏飞（按人分表） | H99: （未填） | I99: 尹鹏飞 | J99: 一致
A100: 尹鹏飞 | B100: 5 | C100: 2026-09-19 | D100: 苏通源货6666 | E100: #93 | F100: 尹鹏飞（按人分表） | H100: （未填） | I100: 尹鹏飞 | J100: 一致
A101: 王荣胜 | B101: 2 | C101: 2026-08-29 | D101: 鲁济宁货4095 | E101: #19 | F101: 王荣胜（按人分表） | H101: （未填） | I101: 俊兴 | J101: 系统没有此人 | K101: 财务按“王荣胜”记，系统档案里没有这个人；系统记的是 无调货人：俊兴
A102: 陈杰 | B102: 2 | C102: 2026-09-04 | D102: 苏K66529 | E102: #60 | F102: 陈杰（按人分表） | H102: 陈杰 | I102: 陈杰 | J102: 一致
A104: “按人分表”：财务的李涛/邓晶焱/高栾凤/闫东鹏/尹鹏飞/王荣胜/陈杰表是按人记的，可能是调货人，也可能是货主（供货厂），所以系统里调货人或供货厂任一是这个人就算一致。“林凯”表没写供货厂。

Sheet ③票源
A1: 财务表 | B1: 行 | C1: 财务日期 | D1: 车号 | E1: 系统车次 | F1: 财务票源 | G1: 系统票源 | H1: 对比结果 | I1: 对利润的影响（参考） | J1: 说明 | K1: 确认：正确票源（请填）
A2: 林凯 | B2: 2 | C2: 2026-08-19 | D2: 苏DBB772 | E2: #1 | F2: 俊兴 | G2: 俊兴 | H2: 一致
A3: 林凯 | B3: 3 | C3: 2026-08-20 | D3: 苏DFM060 | E3: #2 | F3: 俊兴 | G3: 俊兴 | H3: 一致
A4: 林凯 | B4: 4 | C4: 2026-08-21 | D4: 苏DBB772 | E4: #3 | F4: 俊兴 | G4: 俊兴 | H4: 一致
A5: 林凯 | B5: 5 | C5: 2026-08-21 | D5: 皖M2A505 | E5: #4 | F5: 俊兴 | G5: 俊兴 | H5: 一致
A6: 林凯 | B6: 6 | C6: 2026-08-21 | D6: 苏EQB977 | E6: #5 | F6: 俊兴 | G6: 俊兴 | H6: 一致
A7: 林凯 | B7: 7 | C7: 2026-08-21 | D7: 苏BUK952 | E7: #6 | F7: 俊兴 | G7: 俊兴 | H7: 一致
A8: 林凯 | B8: 8 | C8: 2026-08-22 | D8: 苏DBB772 | E8: #7 | F8: 俊兴 | G8: 俊兴 | H8: 一致
A9: 林凯 | B9: 9 | C9: 2026-08-22 | D9: 苏MAK862 | E9: #9 | F9: 俊兴 | G9: 俊兴 | H9: 一致
A10: 林凯 | B10: 10 | C10: 2026-08-25 | D10: 苏DBE075 | E10: #10 | F10: 俊兴 | G10: 俊兴 | H10: 一致
A11: 林凯 | B11: 11 | C11: 2026-08-26 | D11: 苏淮货16776 | E11: #11 | F11: 俊兴 | G11: 俊兴 | H11: 一致
A12: 林凯 | B12: 12 | C12: 2026-08-27 | D12: 苏NEX375 | E12: #12 | F12: 俊兴 | G12: 俊兴 | H12: 一致
A13: 林凯 | B13: 13 | C13: 2026-08-27 | D13: 苏DFM060 | E13: #13 | F13: 俊兴 | G13: 俊兴 | H13: 一致
... A38: 林凯 | B38: 37 | C38: 2026-08-30 | D38: 苏DBE075 | E38: #37 | F38: 俊兴 | G38: 俊兴 | H38: 一致
A39: 林凯 | B39: 38 | C39: 2026-08-31 | D39: 苏DFM060 | E39: #45 | F39: 俊兴 | G39: 益周 | H39: 不一致 | J39: 俊兴/益周主营利润口径一样(都是13.5%)；但益周是“经过我们”的票，系统会另算票差留存，且占益周额度
A40: 林凯 | B40: 39 | C40: 2026-08-31 | D40: 冀A224E6 | E40: #46 | F40: 俊兴 | G40: 益周 | H40: 不一致 | J40: 俊兴/益周主营利润口径一样(都是13.5%)；但益周是“经过我们”的票，系统会另算票差留存，且占益周额度
A41: 林凯 | B41: 40 | C41: 2026-08-31 | D41: 苏DFM060 | E41: #47 | F41: 俊兴 | G41: 益周 | H41: 不一致 | J41: 俊兴/益周主营利润口径一样(都是13.5%)；但益周是“经过我们”的票，系统会另算票差留存，且占益周额度
A42: 林凯 | B42: 41 | C42: 2026-08-31 | D42: 苏DBB772 | E42: #48 | F42: 俊兴 | G42: 益周 | H42: 不一致 | J42: 俊兴/益周主营利润口径一样(都是13.5%)；但益周是“经过我们”的票，系统会另算票差留存，且占益周额度
A43: 林凯 | B43: 42 | C43: 2026-08-31 | D43: 苏DBB772 | E43: #49 | F43: 俊兴 | G43: 益周 | H43: 不一致 | J43: 俊兴/益周主营利润口径一样(都是13.5%)；但益周是“经过我们”的票，系统会另算票差留存，且占益周额度
A44: 林凯 | B44: 43 | C44: 2026-09-01 | D44: 苏ERS080 | E44: #50 | F44: 俊兴 | G44: 益周 | H44: 不一致 | J44: 俊兴/益周主营利润口径一样(都是13.5%)；但益周是“经过我们”的票，系统会另算票差留存，且占益周额度
A45: 林凯 | B45: 44 | C45: 2026-09-01 | D45: 苏DFM060 | E45: #51 | F45: 俊兴 | G45: 益周 | H45: 不一致 | J45: 俊兴/益周主营利润口径一样(都是13.5%)；但益周是“经过我们”的票，系统会另算票差留存，且占益周额度
A46: 林凯 | B46: 45 | C46: 2026-09-01 | D46: 苏DBX137 | E46: #52 | F46: 俊兴 | G46: 益周 | H46: 不一致 | J46: 俊兴/益周主营利润口径一样(都是13.5%)；但益周是“经过我们”的票，系统会另算票差留存，且占益周额度
A47: 林凯 | B47: 46 | C47: 2026-09-01 | D47: 苏DBB772 | E47: #53 | F47: 俊兴 | G47: 益周 | H47: 不一致 | J47: 俊兴/益周主营利润口径一样(都是13.5%)；但益周是“经过我们”的票，系统会另算票差留存，且占益周额度
A48: 林凯 | B48: 47 | C48: 2026-09-06 | D48: 皖城兴货688 | E48: #61 | F48: 俊兴 | G48: 益周 | H48: 不一致 | J48: 俊兴/益周主营利润口径一样(都是13.5%)；但益周是“经过我们”的票，系统会另算票差留存，且占益周额度
A49: 林凯 | B49: 48 | C49: 2026-09-08 | D49: 鲁济宁货1567 | E49: #62 | F49: 煌烽 | G49: 煌烽 | H49: 一致
A50: 林凯 | B50: 49 | C50: 2026-09-18 | D50: 苏DBB772 | E50: #89 | F50: 煌烽 | G50: 自带票 | H50: 不一致 | J50: 财务是煌烽票源，系统没挂票源（按带票算）
A51: 林凯 | B51: 50 | C51: 2026-09-18 | D51: 苏NEN536 | E51: #90 | F51: 煌烽 | G51: 煌烽 | H51: 一致
A52: 林凯 | B52: 51 | C52: 2026-09-19 | D52: 苏GE2356 | E52: #95 | F52: 煌烽 | G52: 煌烽 | H52: 一致
A53: 林凯 | B53: 52 | C53: 2026-09-19 | D53: 苏NHY179 | E53: #96 | F53: 煌烽 | G53: 煌烽 | H53: 一致
A54: 林凯-鑫景通 | B54: 2 | C54: 2026-09-12 | D54: 苏DBE075 | E54: #66 | F54: 自带票 | G54: 俊兴 | H54: 不一致 | J54: 财务是带票（供货厂自带票），系统挂了俊兴票源
A55: 林凯-鑫景通 | B55: 3 | C55: 2026-09-15 | D55: 苏DBB772 | E55: #78 | F55: 自带票 | G55: 自带票 | H55: 一致
A56: 林凯-君盛 | B56: 2 | C56: 2026-08-27 | D56: 苏DBB772 | E56: #14 | F56: 自带票 | G56: 俊兴 | H56: 不一致 | J56: 财务是带票（供货厂自带票），系统挂了俊兴票源
A57: 林凯-君盛 | B57: 3 | C57: 2026-09-12 | D57: 苏DBE075 | E57: #68 | F57: 自带票 | G57: 俊兴 | H57: 不一致 | J57: 财务是带票（供货厂自带票），系统挂了俊兴票源
A58: 林凯-君盛 | B58: 4 | C58: 2026-09-14 | D58: 苏DBB772 | E58: #69 | F58: 自带票 | G58: 俊兴 | H58: 不一致 | J58: 财务是带票（供货厂自带票），系统挂了俊兴票源
A59: 林凯-君盛 | B59: 5 | C59: 2026-09-15 | D59: 苏DBE961 | E59: #79 | F59: 自带票 | G59: 自带票 | H59: 一致
A60: 林凯-君盛 | B60: 6 | C60: 2026-09-15 | D60: 苏DBE075 | E60: #74 | F60: 自带票 | G60: 自带票 | H60: 一致
A61: 林凯-君盛 | B61: 7 | C61: 2026-09-17 | D61: 苏DBB772 | E61: #87 | F61: 自带票 | G61: 自带票 | H61: 一致
A62: 林凯-君盛 | B62: 8 | C62: 2026-09-18 | D62: 苏DBE075 | E62: #91 | F62: 自带票 | G62: 自带票 | H62: 一致
A63: 林凯-君盛 | B63: 9 | C63: 2026-09-18 | D63: 苏DBB772 | E63: #92 | F63: 自带票 | G63: 自带票 | H63: 一致
A64: 林凯-君盛 | B64: 10 | C64: 2026-09-20 | D64: 苏DBB772 | E64: #98 | F64: 自带票 | G64: 自带票 | H64: 一致
A65: 林凯-君盛 | B65: 11 | C65: 2026-09-20 | D65: 苏DBE075 | E65: #99 | F65: 自带票 | G65: 自带票 | H65: 一致
A66: 林凯-力拓 | B66: 2 | C66: 2026-09-10 | D66: 苏DBE075 | E66: #63 | F66: 自带票 | G66: 俊兴 | H66: 不一致 | J66: 财务是带票（供货厂自带票），系统挂了俊兴票源
A67: 林凯-力拓 | B67: 3 | C67: 2026-09-11 | D67: 苏DBB772 | E67: #64 | F67: 自带票 | G67: 俊兴 | H67: 不一致 | J67: 财务是带票（供货厂自带票），系统挂了俊兴票源
A68: 林凯-力拓 | B68: 4 | C68: 2026-09-11 | D68: 苏DBE961 | E68: #65 | F68: 自带票 | G68: 俊兴 | H68: 不一致 | J68: 财务是带票（供货厂自带票），系统挂了俊兴票源
A69: 林凯-力拓 | B69: 5 | C69: 2026-09-14 | D69: 苏DBE961 | E69: #70 | F69: 自带票 | G69: 俊兴 | H69: 不一致 | J69: 财务是带票（供货厂自带票），系统挂了俊兴票源
A70: 林凯-力拓 | B70: 6 | C70: 2026-09-17 | D70: 苏DBE075 | E70: #86 | F70: 自带票 | G70: 自带票 | H70: 一致
A71: 林凯-力拓 | B71: 7 | C71: 2026-09-17 | D71: 苏DBE075 | E71: #83 | F71: 自带票 | G71: 自带票 | H71: 一致
A72: 林凯-兴德 | B72: 2 | C72: 2026-09-19 | D72: 皖SG1498 | E72: #97 | F72: 自带票 | G72: 自带票 | H72: 一致
A73: 林凯-兴德 | B73: 3 | C73: 2026-09-20 | D73: 苏BYR535 | E73: #100 | F73: 自带票 | G73: 自带票 | H73: 一致
A74: 林凯-兴德 | B74: 4 | C74: 2026-09-20 | D74: 冀A224E6 | E74: #101 | F74: 自带票 | G74: 自带票 | H74: 一致
A75: 林凯-兴德 | B75: 5 | C75: 2026-09-20 | D75: 苏DBB772 | E75: #102 | F75: 自带票 | G75: 自带票 | H75: 一致
A76: 李涛 | B76: 2 | C76: 2026-08-30 | D76: 苏BTQ938 | E76: #40 | F76: 俊兴 | G76: 俊兴 | H76: 一致
A77: 李涛 | B77: 3 | C77: 2026-09-03 | D77: 苏NER821 | E77: #56 | F77: 俊兴 | G77: 俊兴 | H77: 一致
A78: 李涛 | B78: 4 | C78: 2026-09-04 | D78: 皖SG1123 | E78: #58 | F78: 俊兴 | G78: 益周 | H78: 不一致 | J78: 俊兴/益周主营利润口径一样(都是13.5%)；但益周是“经过我们”的票，系统会另算票差留存，且占益周额度
A79: 李涛 | B79: 5 | C79: 2026-09-04 | D79: 皖LE9644 | E79: #59 | F79: 俊兴 | G79: 益周 | H79: 不一致 | J79: 俊兴/益周主营利润口径一样(都是13.5%)；但益周是“经过我们”的票，系统会另算票差留存，且占益周额度
A80: 邓晶焱 | B80: 2 | C80: 2026-08-22 | D80: 苏E9W908 | E80: #8 | F80: 俊兴 | G80: 俊兴 | H80: 一致
A81: 邓晶焱 | B81: 3 | C81: 2026-08-27 | D81: 苏NEV615 | E81: #17 | F81: 俊兴 | G81: 俊兴 | H81: 一致
A82: 邓晶焱 | B82: 4 | C82: 2026-08-29 | D82: 苏AE8896 | E82: #35 | F82: 俊兴 | G82: 俊兴 | H82: 一致
A83: 邓晶焱 | B83: 5 | C83: 2026-09-12 | D83: 皖F30399 | E83: #67 | F83: 煌烽 | G83: 俊兴 | H83: 不一致 | I83: 279.32127 | J83: 按财务改成煌烽的话，系统利润约+279元（煌烽13.2%，俊兴/益周13.5%）；财务这一行“带票公司付”=欧冶×0.868，说明实际是煌烽，但利润公式用了0.865
A84: 邓晶焱 | B84: 6 | C84: 2026-09-15 | D84: 苏ELU629 | E84: #73 | F84: 煌烽 | G84: 煌烽 | H84: 一致
A85: 邓晶焱 | B85: 7 | C85: 2026-09-16 | D85: 皖AK6033 | E85: #82 | F85: 煌烽 | G85: 煌烽 | H85: 一致
A86: 高栾凤 | B86: 2 | C86: 2026-08-28 | D86: 皖KQ1052 | E86: #27 | F86: 俊兴 | G86: 俊兴 | H86: 一致
A87: 高栾凤 | B87: 3 | C87: 2026-09-14 | D87: 鲁DC6106 | E87: #71 | F87: 煌烽 | G87: 煌烽 | H87: 一致
A88: 高栾凤 | B88: 4 | C88: 2026-09-15 | D88: 苏CLK667 | E88: #77 | F88: 煌烽 | G88: 煌烽 | H88: 一致
A89: 闫东鹏 | B89: 2 | C89: 2026-09-02 | D89: 苏BXT103 | E89: #55 | F89: （财务没写） | G89: 俊兴 | H89: 财务没写 | J89: 财务这一行没写票源，系统是俊兴
A90: 闫东鹏 | B90: 3 | C90: 2026-09-14 | D90: 苏J19371 | E90: #72 | F90: 反向 | G90: 反向-闫东朋 | H90: 一致
A91: 闫东鹏 | B91: 4 | C91: 2026-09-15 | D91: 苏J19371 | E91: #76 | F91: 反向 | G91: 反向-闫东朋 | H91: 一致
A92: 闫东鹏 | B92: 5 | C92: 2026-09-15 | D92: 苏L80153 | E92: #75 | F92: 反向 | G92: 反向-闫东朋 | H92: 一致
A93: 闫东鹏 | B93: 6 | C93: 2026-09-16 | D93: 皖SC6167 | E93: #81 | F93: 反向 | G93: 反向-闫东朋 | H93: 一致
A94: 闫东鹏 | B94: 7 | C94: 2026-09-17 | D94: 苏J19371 | E94: #85 | F94: 反向 | G94: 反向-闫东朋 | H94: 一致
A95: 闫东鹏 | B95: 8 | C95: 2026-09-17 | D95: 皖AP1626 | E95: #84 | F95: 反向 | G95: 反向-闫东朋 | H95: 一致
A96: 闫东鹏 | B96: 9 | C96: 2026-09-19 | D96: 皖AP7737 | E96: #94 | F96: 反向 | G96: 反向-闫东朋 | H96: 一致
A97: 尹鹏飞 | B97: 2 | C97: 2026-09-03 | D97: 通海机9998 | E97: #54 | F97: 益周 | G97: 俊兴 | H97: 不一致 | J97: 俊兴/益周主营利润口径一样(都是13.5%)；但益周是“经过我们”的票，系统会另算票差留存，且占益周额度
A98: 尹鹏飞 | B98: 3 | C98: 2026-09-05 | D98: 苏兴达货8566 | E98: #57 | F98: 煌烽 | G98: 煌烽 | H98: 一致
A99: 尹鹏飞 | B99: 4 | C99: 2026-09-16 | D99: 皖四航6058 | E99: #80 | F99: 煌烽 | G99: 煌烽 | H99: 一致
A100: 尹鹏飞 | B100: 5 | C100: 2026-09-19 | D100: 苏通源货6666 | E100: #93 | F100: 反向 | G100: 反向-尹鹏飞 | H100: 一致
A101: 王荣胜 | B101: 2 | C101: 2026-08-29 | D101: 鲁济宁货4095 | E101: #19 | F101: 俊兴 | G101: 俊兴 | H101: 一致
A102: 陈杰 | B102: 2 | C102: 2026-09-04 | D102: 苏K66529 | E102: #60 | F102: 煌烽 | G102: 益周 | H102: 不一致 | I102: 266.05512 | J102: 按财务改成煌烽的话，系统利润约+266元（煌烽13.2%，俊兴/益周13.5%）；注意财务写煌烽，但“带票公司付”和利润公式都按俊兴口径(0.865)算，财务自己也不一致

Sheet ④计算路径
A1: 财务表 | B1: 行 | C1: 财务日期 | D1: 车号 | E1: 系统车次 | F1: 财务路径 | G1: 系统链条规则 | H1: 对比结果 | I1: 财务利润 | J1: 系统利润 | K1: 说明 | L1: 确认：正确路径（请填）
A2: 林凯 | B2: 2 | C2: 2026-08-19 | D2: 苏DBB772 | E2: #1 | F2: 配票 | G2: 配票 | H2: 一致 | I2: 482.7689 | J2: 482.3169
A3: 林凯 | B3: 3 | C3: 2026-08-20 | D3: 苏DFM060 | E3: #2 | F3: 配票 | G3: 配票 | H3: 一致 | I3: 252.514 | J3: 252.474
A4: 林凯 | B4: 4 | C4: 2026-08-21 | D4: 苏DBB772 | E4: #3 | F4: 配票 | G4: 配票 | H4: 一致 | I4: 608.1538 | J4: 609.1058
A5: 林凯 | B5: 5 | C5: 2026-08-21 | D5: 皖M2A505 | E5: #4 | F5: 配票 | G5: 配票 | H5: 一致 | I5: 238.7238 | J5: 420.1398
A6: 林凯 | B6: 6 | C6: 2026-08-21 | D6: 苏EQB977 | E6: #5 | F6: 配票 | G6: 配票 | H6: 一致 | I6: 215.9577 | J6: 380.6217
A7: 林凯 | B7: 7 | C7: 2026-08-21 | D7: 苏BUK952 | E7: #6 | F7: 配票 | G7: 配票 | H7: 一致 | I7: 175.73675 | J7: 175.62995
A8: 林凯 | B8: 8 | C8: 2026-08-22 | D8: 苏DBB772 | E8: #7 | F8: 配票 | G8: 配票 | H8: 一致 | I8: 455.8725 | J8: 455.5725
A9: 林凯 | B9: 9 | C9: 2026-08-22 | D9: 苏MAK862 | E9: #9 | F9: 配票 | G9: 配票 | H9: 一致 | I9: 224.6992 | J9: 395.6432
A10: 林凯 | B10: 10 | C10: 2026-08-25 | D10: 苏DBE075 | E10: #10 | F10: 配票 | G10: 配票 | H10: 一致 | I10: 524.185 | J10: 523.665
A11: 林凯 | B11: 11 | C11: 2026-08-26 | D11: 苏淮货16776 | E11: #11 | F11: 配票 | G11: 配票 | H11: 一致 | I11: 3978.1358 | J11: 9581.3704
A12: 林凯 | B12: 12 | C12: 2026-08-27 | D12: 苏NEX375 | E12: #12 | F12: 配票 | G12: 配票 | H12: 一致 | I12: 270.71435 | J12: 471.36035
A13: 林凯 | B13: 13 | C13: 2026-08-27 | D13: 苏DFM060 | E13: #13 | F13: 配票 | G13: 配票 | H13: 一致 | I13: 253.724 | J13: 424.634
... A28: 林凯 | B28: 28 | C28: 2026-08-29 | D28: 苏ERS080 | E28: #32 | F28: 配票 | G28: 配票 | H28: 一致 | I28: 346.36875 | J28: 590.11875
A29: 林凯 | B29: 29 | C29: 2026-08-29 | D29: 苏DBE075 | E29: #33 | F29: 配票 | G29: 配票 | H29: 一致 | J29: 1008.3504
A30: 林凯 | B30: 29 | C30: 2026-08-29 | D30: 冀A224E6 | E30: #34 | F30: 配票 | G30: 配票 | H30: 一致 | J30: 346.1
A31: 林凯 | B31: 30 | C31: 2026-08-29 | D31: 苏DBB772 | E31: #36 | F31: 配票 | G31: 配票 | H31: 一致 | I31: 417.4923 | J31: 746.8083
A32: 林凯 | B32: 31 | C32: 2026-08-30 | D32: 苏DBB772 | E32: #44 | F32: 配票 | G32: 配票 | H32: 一致 | I32: 428.6318 | J32: 768.2878
A33: 林凯 | B33: 32 | C33: 2026-08-30 | D33: 冀A224E6 | E33: #43 | F33: 配票 | G33: 配票 | H33: 一致 | I33: 313.5498 | J33: 775.8842
A34: 林凯 | B34: 33 | C34: 2026-08-30 | D34: 苏DBB772 | E34: #42 | F34: 配票 | G34: 配票 | H34: 一致 | I34: 645.5409 | J34: 1064.4249
A35: 林凯 | B35: 34 | C35: 2026-08-30 | D35: 皖SB2849 | E35: #41 | F35: 配票 | G35: 配票 | H35: 一致 | I35: 293.4319 | J35: 509.8951
A36: 林凯 | B36: 35 | C36: 2026-08-30 | D36: 苏DBE961 | E36: #38 | F36: 配票 | G36: 配票 | H36: 一致 | I36: 523.526 | J36: 1308.9628
A37: 林凯 | B37: 36 | C37: 2026-08-30 | D37: 苏DFB287 | E37: #39 | F37: 配票 | G37: 配票 | H37: 一致 | I37: 553.3715 | J37: 1385.8627
A38: 林凯 | B38: 37 | C38: 2026-08-30 | D38: 苏DBE075 | E38: #37 | F38: 配票 | G38: 配票 | H38: 一致 | I38: 627.6096 | J38: 1036.6976
A39: 林凯 | B39: 38 | C39: 2026-08-31 | D39: 苏DFM060 | E39: #45 | F39: 配票 | G39: 配票 | H39: 一致 | I39: 179.1576 | J39: 304.0776
A40: 林凯 | B40: 39 | C40: 2026-08-31 | D40: 冀A224E6 | E40: #46 | F40: 配票 | G40: 配票 | H40: 一致 | I40: 214.2892 | J40: 359.138
A41: 林凯 | B41: 40 | C41: 2026-08-31 | D41: 苏DFM060 | E41: #47 | F41: 配票 | G41: 配票 | H41: 一致 | I41: 409.6359 | J41: 692.9999
A42: 林凯 | B42: 41 | C42: 2026-08-31 | D42: 苏DBB772 | E42: #48 | F42: 配票 | G42: 配票 | H42: 一致 | I42: 620.0048 | J42: 1024.5488
... A49: 林凯 | B49: 48 | C49: 2026-09-08 | D49: 鲁济宁货1567 | E49: #62 | F49: 配票 | G49: 配票 | H49: 一致 | I49: 14834.548 | J49: 14833.682
A50: 林凯 | B50: 49 | C50: 2026-09-18 | D50: 苏DBB772 | E50: #89 | F50: 配票 | G50: 直签带票 | H50: 不一致 | I50: 2043.609 | J50: 2260.98 | K50: 财务记在“林凯”配票(煌烽票源)，系统是君盛直签带票
A51: 林凯 | B51: 50 | C51: 2026-09-18 | D51: 苏NEN536 | E51: #90 | F51: 配票 | G51: 配票 | H51: 一致 | I51: 805.73352 | J51: 805.45752
A52: 林凯 | B52: 51 | C52: 2026-09-19 | D52: 苏GE2356 | E52: #95 | F52: 配票 | G52: 配票 | H52: 一致 | I52: 801.53736 | J52: 700.86936
A53: 林凯 | B53: 52 | C53: 2026-09-19 | D53: 苏NHY179 | E53: #96 | F53: 配票 | G53: 配票 | H53: 一致 | I53: 800.5576 | J53: 699.9768
A54: 林凯-鑫景通 | B54: 2 | C54: 2026-09-12 | D54: 苏DBE075 | E54: #66 | F54: 带票 | G54: 户头通道 | H54: 一致 | I54: 2107.28 | J54: 1607.08 | K54: 系统叫“户头通道”，和“直签带票”都是服务费算法，数值一样；名字按实际情况选
A55: 林凯-鑫景通 | B55: 3 | C55: 2026-09-15 | D55: 苏DBB772 | E55: #78 | F55: 带票 | G55: 直签带票 | H55: 一致 | I55: 1931.3 | J55: 1930.5
A56: 林凯-君盛 | B56: 2 | C56: 2026-08-27 | D56: 苏DBB772 | E56: #14 | F56: 带票 | G56: 配票 | H56: 不一致 | I56: 1787.94 | J56: 748.6171 | K56: 财务记在“林凯-君盛”带票(服务费)，系统是配票+俊兴票源
A57: 林凯-君盛 | B57: 3 | C57: 2026-09-12 | D57: 苏DBE075 | E57: #68 | F57: 带票 | G57: 户头通道 | H57: 一致 | I57: 1767.28 | J57: 1766.88 | K57: 系统叫“户头通道”，和“直签带票”都是服务费算法，数值一样；名字按实际情况选
A58: 林凯-君盛 | B58: 4 | C58: 2026-09-14 | D58: 苏DBB772 | E58: #69 | F58: 带票 | G58: 配票 | H58: 不一致 | I58: 1644.3 | J58: 996.0195 | K58: 财务记在“林凯-君盛”带票，系统是配票、供货厂写的林凯
A59: 林凯-君盛 | B59: 5 | C59: 2026-09-15 | D59: 苏DBE961 | E59: #79 | F59: 带票 | G59: 直签带票 | H59: 一致 | I59: 848.06 | J59: 847.26
A60: 林凯-君盛 | B60: 6 | C60: 2026-09-15 | D60: 苏DBE075 | E60: #74 | F60: 带票 | G60: 直签带票 | H60: 一致 | I60: 850.02 | J60: 849.42
A61: 林凯-君盛 | B61: 7 | C61: 2026-09-17 | D61: 苏DBB772 | E61: #87 | F61: 带票 | G61: 直签带票 | H61: 一致 | I61: 778.76 | J61: 778.68
A62: 林凯-君盛 | B62: 8 | C62: 2026-09-18 | D62: 苏DBE075 | E62: #91 | F62: 带票 | G62: 直签带票 | H62: 一致 | I62: 830.08 | J62: 829.44
A63: 林凯-君盛 | B63: 9 | C63: 2026-09-18 | D63: 苏DBB772 | E63: #92 | F63: 带票 | G63: 直签带票 | H63: 一致 | I63: 846.48 | J63: 845.64
A64: 林凯-君盛 | B64: 10 | C64: 2026-09-20 | D64: 苏DBB772 | E64: #98 | F64: 带票 | G64: 直签带票 | H64: 一致 | I64: 867.68 | J64: 867.24
A65: 林凯-君盛 | B65: 11 | C65: 2026-09-20 | D65: 苏DBE075 | E65: #99 | F65: 带票 | G65: 直签带票 | H65: 一致 | I65: 884.08 | J65: 883.44
A66: 林凯-力拓 | B66: 2 | C66: 2026-09-10 | D66: 苏DBE075 | E66: #63 | F66: 带票 | G66: 户头通道 | H66: 一致 | I66: 2221.42 | J66: 2221.02 | K66: 系统叫“户头通道”，和“直签带票”都是服务费算法，数值一样；名字按实际情况选
A67: 林凯-力拓 | B67: 3 | C67: 2026-09-11 | D67: 苏DBB772 | E67: #64 | F67: 带票 | G67: 户头通道 | H67: 一致 | I67: 2219.4 | J67: 2219.4 | K67: 系统叫“户头通道”，和“直签带票”都是服务费算法，数值一样；名字按实际情况选
A68: 林凯-力拓 | B68: 4 | C68: 2026-09-11 | D68: 苏DBE961 | E68: #65 | F68: 带票 | G68: 户头通道 | H68: 一致 | I68: 2153.92 | J68: 2153.52 | K68: 系统叫“户头通道”，和“直签带票”都是服务费算法，数值一样；名字按实际情况选
A69: 林凯-力拓 | B69: 5 | C69: 2026-09-14 | D69: 苏DBE961 | E69: #70 | F69: 带票 | G69: 户头通道 | H69: 一致 | I69: 2048.96 | J69: 2048.76 | K69: 系统叫“户头通道”，和“直签带票”都是服务费算法，数值一样；名字按实际情况选
A70: 林凯-力拓 | B70: 6 | C70: 2026-09-17 | D70: 苏DBE075 | E70: #86 | F70: 带票 | G70: 直签带票 | H70: 一致 | I70: 809.97 | J70: 804.33
A71: 林凯-力拓 | B71: 7 | C71: 2026-09-17 | D71: 苏DBE075 | E71: #83 | F71: 带票 | G71: 直签带票 | H71: 一致 | I71: 2199.82 | J71: 2199.42
A72: 林凯-兴德 | B72: 2 | C72: 2026-09-19 | D72: 皖SG1498 | E72: #97 | F72: 带票 | G72: 直签带票 | H72: 一致 | I72: 811.82 | J72: 811.62
A73: 林凯-兴德 | B73: 3 | C73: 2026-09-20 | D73: 苏BYR535 | E73: #100 | F73: 带票 | G73: 直签带票 | H73: 一致 | I73: 1562.82 | J73: 1562.22
A74: 林凯-兴德 | B74: 4 | C74: 2026-09-20 | D74: 冀A224E6 | E74: #101 | F74: 带票 | G74: 直签带票 | H74: 一致 | I74: 1159.78 | J74: 1159.38
A75: 林凯-兴德 | B75: 5 | C75: 2026-09-20 | D75: 苏DBB772 | E75: #102 | F75: 带票 | G75: 直签带票 | H75: 一致 | I75: 2037.68 | J75: 2036.88
A76: 李涛 | B76: 2 | C76: 2026-08-30 | D76: 苏BTQ938 | E76: #40 | F76: 配票 | G76: 配票 | H76: 一致 | I76: 555.4241 | J76: 554.5441
A77: 李涛 | B77: 3 | C77: 2026-09-03 | D77: 苏NER821 | E77: #56 | F77: 配票 | G77: 配票 | H77: 一致 | I77: 615.0266 | J77: 614.5626
A78: 李涛 | B78: 4 | C78: 2026-09-04 | D78: 皖SG1123 | E78: #58 | F78: 配票 | G78: 配票 | H78: 一致 | I78: 652.97285 | J78: 653.09085
A79: 李涛 | B79: 5 | C79: 2026-09-04 | D79: 皖LE9644 | E79: #59 | F79: 配票 | G79: 配票 | H79: 一致 | I79: 524.4064 | J79: 523.6784
A80: 邓晶焱 | B80: 2 | C80: 2026-08-22 | D80: 苏E9W908 | E80: #8 | F80: 配票 | G80: 配票 | H80: 一致 | I80: 461.1338 | J80: 460.3258
A81: 邓晶焱 | B81: 3 | C81: 2026-08-27 | D81: 苏NEV615 | E81: #17 | F81: 配票 | G81: 配票 | H81: 一致 | I81: 454.7759 | J81: 647.8199
... A86: 高栾凤 | B86: 2 | C86: 2026-08-28 | D86: 皖KQ1052 | E86: #27 | F86: 配票 | G86: 配票 | H86: 一致 | I86: 578.60965 | J86: 578.22485
A87: 高栾凤 | B87: 3 | C87: 2026-09-14 | D87: 鲁DC6106 | E87: #71 | F87: 配票 | G87: 户头通道 | H87: 不一致 | I87: 744.0106 | J87: 915.3312 | K87: 财务记在“高栾凤”配票(煌烽)，系统是户头通道；且系统固化快照里服务费是18.56元/吨(历史导入异常值)，建议解除固化重算
A88: 高栾凤 | B88: 4 | C88: 2026-09-15 | D88: 苏CLK667 | E88: #77 | F88: 配票 | G88: 配票 | H88: 一致 | I88: 552.1031 | J88: 779.13992
A89: 闫东鹏 | B89: 2 | C89: 2026-09-02 | D89: 苏BXT103 | E89: #55 | F89: 配票 | G89: 配票 | H89: 一致 | I89: 952.2795 | J89: 951.2923
A90: 闫东鹏 | B90: 3 | C90: 2026-09-14 | D90: 苏J19371 | E90: #72 | F90: 反向 | G90: 户头通道 | H90: 不一致 | I90: 2356.1896 | J90: 2355.5016 | K90: 系统标“户头通道”，财务是反向；利润算出来一样，建议系统改成“反向”
A91: 闫东鹏 | B91: 4 | C91: 2026-09-15 | D91: 苏J19371 | E91: #76 | F91: 反向 | G91: 反向 | H91: 一致 | I91: 2389.3796 | J91: 2388.9916
A92: 闫东鹏 | B92: 5 | C92: 2026-09-15 | D92: 苏L80153 | E92: #75 | F92: 反向 | G92: 反向 | H92: 一致 | I92: 1446.5132 | J92: 1446.1172
A93: 闫东鹏 | B93: 6 | C93: 2026-09-16 | D93: 皖SC6167 | E93: #81 | F93: 反向 | G93: 反向 | H93: 一致 | I93: 1524.8954 | J93: 1524.0346
A94: 闫东鹏 | B94: 7 | C94: 2026-09-17 | D94: 苏J19371 | E94: #85 | F94: 反向 | G94: 反向 | H94: 一致 | I94: 2210.9444 | J94: 2210.6124
A95: 闫东鹏 | B95: 8 | C95: 2026-09-17 | D95: 皖AP1626 | E95: #84 | F95: 反向 | G95: 反向 | H95: 一致 | I95: 1553.496 | J95: 1552.616
A96: 闫东鹏 | B96: 9 | C96: 2026-09-19 | D96: 皖AP7737 | E96: #94 | F96: 反向 | G96: 反向 | H96: 一致 | I96: 908.0964 | J96: 907.2044
A97: 尹鹏飞 | B97: 2 | C97: 2026-09-03 | D97: 通海机9998 | E97: #54 | F97: 配票 | G97: 配票 | H97: 一致 | I97: 8369.1999 | J97: 8368.5038
A98: 尹鹏飞 | B98: 3 | C98: 2026-09-05 | D98: 苏兴达货8566 | E98: #57 | F98: 配票 | G98: 配票 | H98: 一致 | I98: 9769.3618 | J98: 13876.131
A99: 尹鹏飞 | B99: 4 | C99: 2026-09-16 | D99: 皖四航6058 | E99: #80 | F99: 配票 | G99: 配票 | H99: 一致 | I99: 10231.679 | J99: 14524.181
A100: 尹鹏飞 | B100: 5 | C100: 2026-09-19 | D100: 苏通源货6666 | E100: #93 | F100: 反向 | G100: 反向 | H100: 一致 | I100: 19299.564 | J100: 19299.142
A101: 王荣胜 | B101: 2 | C101: 2026-08-29 | D101: 鲁济宁货4095 | E101: #19 | F101: 配票 | G101: 配票 | H101: 一致 | I101: 6460.8408 | J101: 9003.1352
A102: 陈杰 | B102: 2 | C102: 2026-09-04 | D102: 苏K66529 | E102: #60 | F102: 配票 | G102: 配票 | H102: 一致 | I102: 648.5596 | J102: 647.6316

Sheet ⑤参数差异
A1: 只比“计算路径一致”的车；路径不一致的 5 车等你在④改完后再比。调货人按系统当前记录算——②里改了调货人，提成那列会跟着变。财务 INT 取整造成的零点几元不单列（在最后一列“取整”里）。
A2: 财务表 | B2: 行 | C2: 车号 | D2: 系统车次 | E2: 路径 | F2: 吨位 | G2: 结算金额 | H2: 财务利润 | I2: 系统利润 | J2: 差额 (系统−财务) | K2: 量补 财务(元/吨) | L2: 量补 系统(元/吨) | M2: 量补影响 | N2: 提成 财务(元/吨) | O2: 提成 系统(元/吨) | P2: 提成影响 | Q2: 票点系数 财务 | R2: 票点系数 系统 | S2: 票点影响 | T2: 给客户付 财务 | U2: 给客户付 系统 | V2: 给客户影响 | W2: 切割费 系统另扣 | X2: 切割费影响 | Y2: 取整/其它 | Z2: 有参数差异
A3: 林凯 | B3: 2 | C3: 苏DBB772 | D3: #1 | E3: 配票 | F3: 73.58 | G3: 168498.2 | H3: 482.7689 | I3: 482.3169 | J3: =I3-H3 -> -0.452 | K3: 20 | L3: 20 | M3: =(L3-K3)*F3 -> 0 | N3: 5 | O3: 5 | P3: =(N3-O3)*F3 -> 0 | Q3: 0.865 | R3: 0.865 | S3: =(R3-Q3)*(G3-23*F3) -> 0 | T3: 0.86 | U3: 0.86 | V3: =(T3-U3)*G3 -> 0 | W3: 0 | X3: =-W3 -> 0 | Y3: =J3-M3-P3-S3-V3-X3 -> -0.452 | Z3: =IF(OR(ABS(M3)>0.5,ABS(P3)>0.5,ABS(S3)>0.5,ABS(V3)>0.5,ABS(X3)>0.5),"是","")
A4: 林凯 | B4: 3 | C4: 苏DFM060 | D4: #2 | E4: 配票 | F4: 34.8 | G4: 84564 | H4: 252.514 | I4: 252.474 | J4: =I4-H4 -> -0.04 | K4: 20 | L4: 20 | M4: =(L4-K4)*F4 -> 0 | N4: 5 | O4: 5 | P4: =(N4-O4)*F4 -> 0 | Q4: 0.865 | R4: 0.865 | S4: =(R4-Q4)*(G4-23*F4) -> 0 | T4: 0.86 | U4: 0.86 | V4: =(T4-U4)*G4 -> 0 | W4: 0 | X4: =-W4 -> 0 | Y4: =J4-M4-P4-S4-V4-X4 -> -0.04 | Z4: =IF(OR(ABS(M4)>0.5,ABS(P4)>0.5,ABS(S4)>0.5,ABS(V4)>0.5,ABS(X4)>0.5),"是","")
A5: 林凯 | B5: 4 | C5: 苏DBB772 | D5: #3 | E5: 配票 | F5: 81.16 | G5: 201276.8 | H5: 608.1538 | I5: 609.1058 | J5: =I5-H5 -> 0.952 | K5: 20 | L5: 20 | M5: =(L5-K5)*F5 -> 0 | N5: 5 | O5: 5 | P5: =(N5-O5)*F5 -> 0 | Q5: 0.865 | R5: 0.865 | S5: =(R5-Q5)*(G5-23*F5) -> 0 | T5: 0.86 | U5: 0.86 | V5: =(T5-U5)*G5 -> 0 | W5: 0 | X5: =-W5 -> 0 | Y5: =J5-M5-P5-S5-V5-X5 -> 0.952 | Z5: =IF(OR(ABS(M5)>0.5,ABS(P5)>0.5,ABS(S5)>0.5,ABS(V5)>0.5,ABS(X5)>0.5),"是","")
A6: 林凯 | B6: 5 | C6: 皖M2A505 | D6: #4 | E6: 配票 | F6: 36.36 | G6: 83264.4 | H6: 238.7238 | I6: 420.1398 | J6: =I6-H6 -> 181.416 | K6: 20 | L6: 20 | M6: =(L6-K6)*F6 -> 0 | N6: 5 | O6: 0 | P6: =(N6-O6)*F6 -> 181.8 | Q6: 0.865 | R6: 0.865 | S6: =(R6-Q6)*(G6-23*F6) -> 0 | T6: 0.86 | U6: 0.86 | V6: =(T6-U6)*G6 -> 0 | W6: 0 | X6: =-W6 -> 0 | Y6: =J6-M6-P6-S6-V6-X6 -> -0.384 | Z6: =IF(OR(ABS(M6)>0.5,ABS(P6)>0.5,ABS(S6)>0.5,ABS(V6)>0.5,ABS(X6)>0.5),"是","") -> 是
A7: 林凯 | B7: 6 | C7: 苏EQB977 | D7: #5 | E7: 配票 | F7: 32.94 | G7: 75432.6 | H7: 215.9577 | I7: 380.6217 | J7: =I7-H7 -> 164.664 | K7: 20 | L7: 20 | M7: =(L7-K7)*F7 -> 0 | N7: 5 | O7: 0 | P7: =(N7-O7)*F7 -> 164.7 | Q7: 0.865 | R7: 0.865 | S7: =(R7-Q7)*(G7-23*F7) -> 0 | T7: 0.86 | U7: 0.86 | V7: =(T7-U7)*G7 -> 0 | W7: 0 | X7: =-W7 -> 0 | Y7: =J7-M7-P7-S7-V7-X7 -> -0.036 | Z7: =IF(OR(ABS(M7)>0.5,ABS(P7)>0.5,ABS(S7)>0.5,ABS(V7)>0.5,ABS(X7)>0.5),"是","") -> 是
A8: 林凯 | B8: 7 | C8: 苏BUK952 | D8: #6 | E8: 配票 | F8: 24.41 | G8: 59023.38 | H8: 175.73675 | I8: 175.62995 | J8: =I8-H8 -> -0.1068 | K8: 20 | L8: 20 | M8: =(L8-K8)*F8 -> 0 | N8: 5 | O8: 5 | P8: =(N8-O8)*F8 -> 0 | Q8: 0.865 | R8: 0.865 | S8: =(R8-Q8)*(G8-23*F8) -> 0 | T8: 0.86 | U8: 0.86 | V8: =(T8-U8)*G8 -> 0 | W8: 0 | X8: =-W8 -> 0 | Y8: =J8-M8-P8-S8-V8-X8 -> -0.1068 | Z8: =IF(OR(ABS(M8)>0.5,ABS(P8)>0.5,ABS(S8)>0.5,ABS(V8)>0.5,ABS(X8)>0.5),"是","")
A9: 林凯 | B9: 8 | C9: 苏DBB772 | D9: #7 | E9: 配票 | F9: 69.5 | G9: 159155 | H9: 455.8725 | I9: 455.5725 | J9: =I9-H9 -> -0.3 | K9: 20 | L9: 20 | M9: =(L9-K9)*F9 -> 0 | N9: 5 | O9: 5 | P9: =(N9-O9)*F9 -> 0 | Q9: 0.865 | R9: 0.865 | S9: =(R9-Q9)*(G9-23*F9) -> 0 | T9: 0.86 | U9: 0.86 | V9: =(T9-U9)*G9 -> 0 | W9: 0 | X9: =-W9 -> 0 | Y9: =J9-M9-P9-S9-V9-X9 -> -0.3 | Z9: =IF(OR(ABS(M9)>0.5,ABS(P9)>0.5,ABS(S9)>0.5,ABS(V9)>0.5,ABS(X9)>0.5),"是","")
A10: 林凯 | B10: 9 | C10: 苏MAK862 | D10: #9 | E10: 配票 | F10: 34.24 | G10: 78409.6 | H10: 224.6992 | I10: 395.6432 | J10: =I10-H10 -> 170.944 | K10: 20 | L10: 20 | M10: =(L10-K10)*F10 -> 0 | N10: 5 | O10: 0 | P10: =(N10-O10)*F10 -> 171.2 | Q10: 0.865 | R10: 0.865 | S10: =(R10-Q10)*(G10-23*F10) -> 0 | T10: 0.86 | U10: 0.86 | V10: =(T10-U10)*G10 -> 0 | W10: 0 | X10: =-W10 -> 0 | Y10: =J10-M10-P10-S10-V10-X10 -> -0.256 | Z10: =IF(OR(ABS(M10)>0.5,ABS(P10)>0.5,ABS(S10)>0.5,ABS(V10)>0.5,ABS(X10)>0.5),"是","") -> 是
A11: 林凯 | B11: 10 | C11: 苏DBE075 | D11: #10 | E11: 配票 | F11: 81 | G11: 184032 | H11: 524.185 | I11: 523.665 | J11: =I11-H11 -> -0.52 | K11: 20 | L11: 20 | M11: =(L11-K11)*F11 -> 0 | N11: 5 | O11: 5 | P11: =(N11-O11)*F11 -> 0 | Q11: 0.865 | R11: 0.865 | S11: =(R11-Q11)*(G11-23*F11) -> 0 | T11: 0.86 | U11: 0.86 | V11: =(T11-U11)*G11 -> 0 | W11: 0 | X11: =-W11 -> 0 | Y11: =J11-M11-P11-S11-V11-X11 -> -0.52 | Z11: =IF(OR(ABS(M11)>0.5,ABS(P11)>0.5,ABS(S11)>0.5,ABS(V11)>0.5,ABS(X11)>0.5),"是","")
A12: 林凯 | B12: 11 | C12: 苏淮货16776 | D12: #11 | E12: 配票 | F12: 560.39 | G12: 1344115.9 | H12: 3978.1358 | I12: 9581.3704 | J12: =I12-H12 -> 5603.2346 | K12: 20 | L12: 25 | M12: =(L12-K12)*F12 -> 2801.95 | N12: 5 | O12: 0 | P12: =(N12-O12)*F12 -> 2801.95 | Q12: 0.865 | R12: 0.865 | S12: =(R12-Q12)*(G12-23*F12) -> 0 | T12: 0.86 | U12: 0.86 | V12: =(T12-U12)*G12 -> 0 | W12: 0 | X12: =-W12 -> 0 | Y12: =J12-M12-P12-S12-V12-X12 -> -0.6654 | Z12: =IF(OR(ABS(M12)>0.5,ABS(P12)>0.5,ABS(S12)>0.5,ABS(V12)>0.5,ABS(X12)>0.5),"是","") -> 是
A13: 林凯 | B13: 12 | C13: 苏NEX375 | D13: #12 | E13: 配票 | F13: 40.27 | G13: 93426.4 | H13: 270.71435 | I13: 471.36035 | J13: =I13-H13 -> 200.646 | K13: 20 | L13: 25 | M13: =(L13-K13)*F13 -> 201.35 | N13: 5 | O13: 5 | P13: =(N13-O13)*F13 -> 0 | Q13: 0.865 | R13: 0.865 | S13: =(R13-Q13)*(G13-23*F13) -> 0 | T13: 0.86 | U13: 0.86 | V13: =(T13-U13)*G13 -> 0 | W13: 0 | X13: =-W13 -> 0 | Y13: =J13-M13-P13-S13-V13-X13 -> -0.704 | Z13: =IF(OR(ABS(M13)>0.5,ABS(P13)>0.5,ABS(S13)>0.5,ABS(V13)>0.5,ABS(X13)>0.5),"是","") -> 是
A14: 林凯 | B14: 13 | C14: 苏DFM060 | D14: #13 | E14: 配票 | F14: 34.3 | G14: 84206.5 | H14: 253.724 | I14: 424.634 | J14: =I14-H14 -> 170.91 | K14: 20 | L14: 25 | M14: =(L14-K14)*F14 -> 171.5 | N14: 5 | O14: 5 | P14: =(N14-O14)*F14 -> 0 | Q14: 0.865 | R14: 0.865 | S14: =(R14-Q14)*(G14-23*F14) -> 0 | T14: 0.86 | U14: 0.86 | V14: =(T14-U14)*G14 -> 0 | W14: 0 | X14: =-W14 -> 0 | Y14: =J14-M14-P14-S14-V14-X14 -> -0.59 | Z14: =IF(OR(ABS(M14)>0.5,ABS(P14)>0.5,ABS(S14)>0.5,ABS(V14)>0.5,ABS(X14)>0.5),"是","") -> 是
... A52: 林凯 | B52: 52 | C52: 苏NHY179 | D52: #96 | E52: 配票 | F52: 33.96 | G52: 78619.28 | H52: 800.5576 | I52: 699.9768 | J52: =I52-H52 -> -100.5808 | K52: 25 | L52: 25 | M52: =(L52-K52)*F52 -> 0 | N52: 0 | O52: 0 | P52: =(N52-O52)*F52 -> 0 | Q52: 0.868 | R52: 0.868 | S52: =(R52-Q52)*(G52-23*F52) -> 0 | T52: 0.86 | U52: 0.86 | V52: =(T52-U52)*G52 -> 0 | W52: 100 | X52: =-W52 -> -100 | Y52: =J52-M52-P52-S52-V52-X52 -> -0.5808 | Z52: =IF(OR(ABS(M52)>0.5,ABS(P52)>0.5,ABS(S52)>0.5,ABS(V52)>0.5,ABS(X52)>0.5),"是","") -> 是
A53: 林凯-鑫景通 | B53: 2 | C53: 苏DBE075 | D53: #66 | E53: 带票 | F53: 78.04 | G53: 200062.8 | H53: 2107.28 | I53: 1607.08 | J53: =I53-H53 -> -500.2 | K53: 25 | L53: 25 | M53: =(L53-K53)*F53 -> 0 | N53: 15 | O53: 15 | P53: =(N53-O53)*F53 -> 0 | S53: 0 | V53: 0 | W53: 500 | X53: =-W53 -> -500 | Y53: =J53-M53-P53-S53-V53-X53 -> -0.2 | Z53: =IF(OR(ABS(M53)>0.5,ABS(P53)>0.5,ABS(S53)>0.5,ABS(V53)>0.5,ABS(X53)>0.5),"是","") -> 是
A54: 林凯-鑫景通 | B54: 3 | C54: 苏DBB772 | D54: #78 | E54: 带票 | F54: 71.5 | G54: 169455 | H54: 1931.3 | I54: 1930.5 | J54: =I54-H54 -> -0.8 | K54: 25 | L54: 25 | M54: =(L54-K54)*F54 -> 0 | N54: 15 | O54: 15 | P54: =(N54-O54)*F54 -> 0 | S54: 0 | V54: 0 | W54: 0 | X54: =-W54 -> 0 | Y54: =J54-M54-P54-S54-V54-X54 -> -0.8 | Z54: =IF(OR(ABS(M54)>0.5,ABS(P54)>0.5,ABS(S54)>0.5,ABS(V54)>0.5,ABS(X54)>0.5),"是","")
A55: 林凯-君盛 | B55: 3 | C55: 苏DBE075 | D55: #68 | E55: 带票 | F55: 65.44 | G55: 147240 | H55: 1767.28 | I55: 1766.88 | J55: =I55-H55 -> -0.4 | K55: 25 | L55: 25 | M55: =(L55-K55)*F55 -> 0 | N55: 15 | O55: 15 | P55: =(N55-O55)*F55 -> 0 | S55: 0 | V55: 0 | W55: 0 | X55: =-W55 -> 0 | Y55: =J55-M55-P55-S55-V55-X55 -> -0.4 | Z55: =IF(OR(ABS(M55)>0.5,ABS(P55)>0.5,ABS(S55)>0.5,ABS(V55)>0.5,ABS(X55)>0.5),"是","")
A56: 林凯-君盛 | B56: 5 | C56: 苏DBE961 | D56: #79 | E56: 带票 | F56: 31.38 | G56: 70605 | H56: 848.06 | I56: 847.26 | J56: =I56-H56 -> -0.8 | K56: 25 | L56: 25 | M56: =(L56-K56)*F56 -> 0 | N56: 15 | O56: 15 | P56: =(N56-O56)*F56 -> 0 | S56: 0 | V56: 0 | W56: 0 | X56: =-W56 -> 0 | Y56: =J56-M56-P56-S56-V56-X56 -> -0.8 | Z56: =IF(OR(ABS(M56)>0.5,ABS(P56)>0.5,ABS(S56)>0.5,ABS(V56)>0.5,ABS(X56)>0.5),"是","")
A57: 林凯-君盛 | B57: 6 | C57: 苏DBE075 | D57: #74 | E57: 带票 | F57: 31.46 | G57: 70785 | H57: 850.02 | I57: 849.42 | J57: =I57-H57 -> -0.6 | K57: 25 | L57: 25 | M57: =(L57-K57)*F57 -> 0 | N57: 15 | O57: 15 | P57: =(N57-O57)*F57 -> 0 | S57: 0 | V57: 0 | W57: 0 | X57: =-W57 -> 0 | Y57: =J57-M57-P57-S57-V57-X57 -> -0.6 | Z57: =IF(OR(ABS(M57)>0.5,ABS(P57)>0.5,ABS(S57)>0.5,ABS(V57)>0.5,ABS(X57)>0.5),"是","")
A58: 林凯-君盛 | B58: 7 | C58: 苏DBB772 | D58: #87 | E58: 带票 | F58: 28.84 | G58: 66389.68 | H58: 778.76 | I58: 778.68 | J58: =I58-H58 -> -0.08 | K58: 25 | L58: 25 | M58: =(L58-K58)*F58 -> 0 | N58: 15 | O58: 15 | P58: =(N58-O58)*F58 -> 0 | S58: 0 | V58: 0 | W58: 0 | X58: =-W58 -> 0 | Y58: =J58-M58-P58-S58-V58-X58 -> -0.08 | Z58: =IF(OR(ABS(M58)>0.5,ABS(P58)>0.5,ABS(S58)>0.5,ABS(V58)>0.5,ABS(X58)>0.5),"是","")
A59: 林凯-君盛 | B59: 8 | C59: 苏DBE075 | D59: #91 | E59: 带票 | F59: 30.72 | G59: 70717.44 | H59: 830.08 | I59: 829.44 | J59: =I59-H59 -> -0.64 | K59: 25 | L59: 25 | M59: =(L59-K59)*F59 -> 0 | N59: 15 | O59: 15 | P59: =(N59-O59)*F59 -> 0 | S59: 0 | V59: 0 | W59: 0 | X59: =-W59 -> 0 | Y59: =J59-M59-P59-S59-V59-X59 -> -0.64 | Z59: =IF(OR(ABS(M59)>0.5,ABS(P59)>0.5,ABS(S59)>0.5,ABS(V59)>0.5,ABS(X59)>0.5),"是","")
A60: 林凯-君盛 | B60: 9 | C60: 苏DBB772 | D60: #92 | E60: 带票 | F60: 31.32 | G60: 72098.64 | H60: 846.48 | I60: 845.64 | J60: =I60-H60 -> -0.84 | K60: 25 | L60: 25 | M60: =(L60-K60)*F60 -> 0 | N60: 15 | O60: 15 | P60: =(N60-O60)*F60 -> 0 | S60: 0 | V60: 0 | W60: 0 | X60: =-W60 -> 0 | Y60: =J60-M60-P60-S60-V60-X60 -> -0.84 | Z60: =IF(OR(ABS(M60)>0.5,ABS(P60)>0.5,ABS(S60)>0.5,ABS(V60)>0.5,ABS(X60)>0.5),"是","")
A61: 林凯-君盛 | B61: 10 | C61: 苏DBB772 | D61: #98 | E61: 带票 | F61: 32.12 | G61: 73940.24 | H61: 867.68 | I61: 867.24 | J61: =I61-H61 -> -0.44 | K61: 25 | L61: 25 | M61: =(L61-K61)*F61 -> 0 | N61: 15 | O61: 15 | P61: =(N61-O61)*F61 -> 0 | S61: 0 | V61: 0 | W61: 0 | X61: =-W61 -> 0 | Y61: =J61-M61-P61-S61-V61-X61 -> -0.44 | Z61: =IF(OR(ABS(M61)>0.5,ABS(P61)>0.5,ABS(S61)>0.5,ABS(V61)>0.5,ABS(X61)>0.5),"是","")
A62: 林凯-君盛 | B62: 11 | C62: 苏DBE075 | D62: #99 | E62: 带票 | F62: 32.72 | G62: 75321.44 | H62: 884.08 | I62: 883.44 | J62: =I62-H62 -> -0.64 | K62: 25 | L62: 25 | M62: =(L62-K62)*F62 -> 0 | N62: 15 | O62: 15 | P62: =(N62-O62)*F62 -> 0 | S62: 0 | V62: 0 | W62: 0 | X62: =-W62 -> 0 | Y62: =J62-M62-P62-S62-V62-X62 -> -0.64 | Z62: =IF(OR(ABS(M62)>0.5,ABS(P62)>0.5,ABS(S62)>0.5,ABS(V62)>0.5,ABS(X62)>0.5),"是","")
A63: 林凯-力拓 | B63: 2 | C63: 苏DBE075 | D63: #63 | E63: 带票 | F63: 82.26 | G63: 208117.8 | H63: 2221.42 | I63: 2221.02 | J63: =I63-H63 -> -0.4 | K63: 25 | L63: 25 | M63: =(L63-K63)*F63 -> 0 | N63: 15 | O63: 15 | P63: =(N63-O63)*F63 -> 0 | S63: 0 | V63: 0 | W63: 0 | X63: =-W63 -> 0 | Y63: =J63-M63-P63-S63-V63-X63 -> -0.4 | Z63: =IF(OR(ABS(M63)>0.5,ABS(P63)>0.5,ABS(S63)>0.5,ABS(V63)>0.5,ABS(X63)>0.5),"是","")
A64: 林凯-力拓 | B64: 3 | C64: 苏DBB772 | D64: #64 | E64: 带票 | F64: 82.2 | G64: 207966 | H64: 2219.4 | I64: 2219.4 | J64: =I64-H64 -> 1.0004442e-11 | K64: 25 | L64: 25 | M64: =(L64-K64)*F64 -> 0 | N64: 15 | O64: 15 | P64: =(N64-O64)*F64 -> 0 | S64: 0 | V64: 0 | W64: 0 | X64: =-W64 -> 0 | Y64: =J64-M64-P64-S64-V64-X64 -> 1.0004442e-11 | Z64: =IF(OR(ABS(M64)>0.5,ABS(P64)>0.5,ABS(S64)>0.5,ABS(V64)>0.5,ABS(X64)>0.5),"是","")
... A72: 林凯-兴德 | B72: 5 | C72: 苏DBB772 | D72: #102 | E72: 带票 | F72: 75.44 | G72: 196898.4 | H72: 2037.68 | I72: 2036.88 | J72: =I72-H72 -> -0.8 | K72: 25 | L72: 25 | M72: =(L72-K72)*F72 -> 0 | N72: 15 | O72: 15 | P72: =(N72-O72)*F72 -> 0 | S72: 0 | V72: 0 | W72: 0 | X72: =-W72 -> 0 | Y72: =J72-M72-P72-S72-V72-X72 -> -0.8 | Z72: =IF(OR(ABS(M72)>0.5,ABS(P72)>0.5,ABS(S72)>0.5,ABS(V72)>0.5,ABS(X72)>0.5),"是","")
A73: 李涛 | B73: 2 | C73: 苏BTQ938 | D73: #40 | E73: 配票 | F73: 32.42 | G73: 77808 | H73: 555.4241 | I73: 554.5441 | J73: =I73-H73 -> -0.88 | K73: 25 | L73: 25 | M73: =(L73-K73)*F73 -> 0 | N73: 0 | O73: 0 | P73: =(N73-O73)*F73 -> 0 | Q73: 0.865 | R73: 0.865 | S73: =(R73-Q73)*(G73-23*F73) -> 0 | T73: 0.86 | U73: 0.86 | V73: =(T73-U73)*G73 -> 0 | W73: 0 | X73: =-W73 -> 0 | Y73: =J73-M73-P73-S73-V73-X73 -> -0.88 | Z73: =IF(OR(ABS(M73)>0.5,ABS(P73)>0.5,ABS(S73)>0.5,ABS(V73)>0.5,ABS(X73)>0.5),"是","")
A74: 李涛 | B74: 3 | C74: 苏NER821 | D74: #56 | E74: 配票 | F74: 35.72 | G74: 86442.4 | H74: 615.0266 | I74: 614.5626 | J74: =I74-H74 -> -0.464 | K74: 25 | L74: 25 | M74: =(L74-K74)*F74 -> 0 | N74: 0 | O74: 0 | P74: =(N74-O74)*F74 -> 0 | Q74: 0.865 | R74: 0.865 | S74: =(R74-Q74)*(G74-23*F74) -> 0 | T74: 0.86 | U74: 0.86 | V74: =(T74-U74)*G74 -> 0 | W74: 0 | X74: =-W74 -> 0 | Y74: =J74-M74-P74-S74-V74-X74 -> -0.464 | Z74: =IF(OR(ABS(M74)>0.5,ABS(P74)>0.5,ABS(S74)>0.5,ABS(V74)>0.5,ABS(X74)>0.5),"是","")
A75: 李涛 | B75: 4 | C75: 皖SG1123 | D75: #58 | E75: 配票 | F75: 38.07 | G75: 91748.7 | H75: 652.97285 | I75: 653.09085 | J75: =I75-H75 -> 0.118 | K75: 25 | L75: 25 | M75: =(L75-K75)*F75 -> 0 | N75: 0 | O75: 0 | P75: =(N75-O75)*F75 -> 0 | Q75: 0.865 | R75: 0.865 | S75: =(R75-Q75)*(G75-23*F75) -> 0 | T75: 0.86 | U75: 0.86 | V75: =(T75-U75)*G75 -> 0 | W75: 0 | X75: =-W75 -> 0 | Y75: =J75-M75-P75-S75-V75-X75 -> 0.118 | Z75: =IF(OR(ABS(M75)>0.5,ABS(P75)>0.5,ABS(S75)>0.5,ABS(V75)>0.5,ABS(X75)>0.5),"是","")
A76: 李涛 | B76: 5 | C76: 皖LE9644 | D76: #59 | E76: 配票 | F76: 35.28 | G76: 68714.8 | H76: 524.4064 | I76: 523.6784 | J76: =I76-H76 -> -0.728 | K76: 25 | L76: 25 | M76: =(L76-K76)*F76 -> 0 | N76: 0 | O76: 0 | P76: =(N76-O76)*F76 -> 0 | Q76: 0.865 | R76: 0.865 | S76: =(R76-Q76)*(G76-23*F76) -> 0 | T76: 0.86 | U76: 0.86 | V76: =(T76-U76)*G76 -> 0 | W76: 0 | X76: =-W76 -> 0 | Y76: =J76-M76-P76-S76-V76-X76 -> -0.728 | Z76: =IF(OR(ABS(M76)>0.5,ABS(P76)>0.5,ABS(S76)>0.5,ABS(V76)>0.5,ABS(X76)>0.5),"是","")
A77: 邓晶焱 | B77: 2 | C77: 苏E9W908 | D77: #8 | E77: 配票 | F77: 39.16 | G77: 91242.8 | H77: 461.1338 | I77: 460.3258 | J77: =I77-H77 -> -0.808 | K77: 20 | L77: 20 | M77: =(L77-K77)*F77 -> 0 | N77: 0 | O77: 0 | P77: =(N77-O77)*F77 -> 0 | Q77: 0.865 | R77: 0.865 | S77: =(R77-Q77)*(G77-23*F77) -> 0 | T77: 0.86 | U77: 0.86 | V77: =(T77-U77)*G77 -> 0 | W77: 0 | X77: =-W77 -> 0 | Y77: =J77-M77-P77-S77-V77-X77 -> -0.808 | Z77: =IF(OR(ABS(M77)>0.5,ABS(P77)>0.5,ABS(S77)>0.5,ABS(V77)>0.5,ABS(X77)>0.5),"是","")
A78: 邓晶焱 | B78: 3 | C78: 苏NEV615 | D78: #17 | E78: 配票 | F78: 38.78 | G78: 89969.6 | H78: 454.7759 | I78: 647.8199 | J78: =I78-H78 -> 193.044 | K78: 20 | L78: 25 | M78: =(L78-K78)*F78 -> 193.9 | N78: 0 | O78: 0 | P78: =(N78-O78)*F78 -> 0 | Q78: 0.865 | R78: 0.865 | S78: =(R78-Q78)*(G78-23*F78) -> 0 | T78: 0.86 | U78: 0.86 | V78: =(T78-U78)*G78 -> 0 | W78: 0 | X78: =-W78 -> 0 | Y78: =J78-M78-P78-S78-V78-X78 -> -0.856 | Z78: =IF(OR(ABS(M78)>0.5,ABS(P78)>0.5,ABS(S78)>0.5,ABS(V78)>0.5,ABS(X78)>0.5),"是","") -> 是
A79: 邓晶焱 | B79: 4 | C79: 苏AE8896 | D79: #35 | E79: 配票 | F79: 39.96 | G79: 93186.72 | H79: 470.7086 | I79: 669.9294 | J79: =I79-H79 -> 199.2208 | K79: 20 | L79: 25 | M79: =(L79-K79)*F79 -> 199.8 | N79: 0 | O79: 0 | P79: =(N79-O79)*F79 -> 0 | Q79: 0.865 | R79: 0.865 | S79: =(R79-Q79)*(G79-23*F79) -> 0 | T79: 0.86 | U79: 0.86 | V79: =(T79-U79)*G79 -> 0 | W79: 0 | X79: =-W79 -> 0 | Y79: =J79-M79-P79-S79-V79-X79 -> -0.5792 | Z79: =IF(OR(ABS(M79)>0.5,ABS(P79)>0.5,ABS(S79)>0.5,ABS(V79)>0.5,ABS(X79)>0.5),"是","") -> 是
A80: 邓晶焱 | B80: 5 | C80: 皖F30399 | D80: #67 | E80: 配票 | F80: 39.17 | G80: 94008 | H80: 670.88285 | I80: 670.00285 | J80: =I80-H80 -> -0.88 | K80: 25 | L80: 25 | M80: =(L80-K80)*F80 -> 0 | N80: 0 | O80: 0 | P80: =(N80-O80)*F80 -> 0 | Q80: 0.865 | R80: 0.865 | S80: =(R80-Q80)*(G80-23*F80) -> 0 | T80: 0.86 | U80: 0.86 | V80: =(T80-U80)*G80 -> 0 | W80: 0 | X80: =-W80 -> 0 | Y80: =J80-M80-P80-S80-V80-X80 -> -0.88 | Z80: =IF(OR(ABS(M80)>0.5,ABS(P80)>0.5,ABS(S80)>0.5,ABS(V80)>0.5,ABS(X80)>0.5),"是","")
A81: 邓晶焱 | B81: 6 | C81: 苏ELU629 | D81: #73 | E81: 配票 | F81: 34.42 | G81: 82263.8 | H81: 587.9011 | I81: 831.44952 | J81: =I81-H81 -> 243.54842 | K81: 25 | L81: 25 | M81: =(L81-K81)*F81 -> 0 | N81: 0 | O81: 0 | P81: =(N81-O81)*F81 -> 0 | Q81: 0.865 | R81: 0.868 | S81: =(R81-Q81)*(G81-23*F81) -> 244.41642 | T81: 0.86 | U81: 0.86 | V81: =(T81-U81)*G81 -> 0 | W81: 0 | X81: =-W81 -> 0 | Y81: =J81-M81-P81-S81-V81-X81 -> -0.868 | Z81: =IF(OR(ABS(M81)>0.5,ABS(P81)>0.5,ABS(S81)>0.5,ABS(V81)>0.5,ABS(X81)>0.5),"是","") -> 是
A82: 邓晶焱 | B82: 7 | C82: 皖AK6033 | D82: #82 | E82: 配票 | F82: 41.42 | G82: 96094.4 | H82: 692.1051 | I82: 977.34632 | J82: =I82-H82 -> 285.24122 | K82: 25 | L82: 25 | M82: =(L82-K82)*F82 -> 0 | N82: 0 | O82: 0 | P82: =(N82-O82)*F82 -> 0 | Q82: 0.865 | R82: 0.868 | S82: =(R82-Q82)*(G82-23*F82) -> 285.42522 | T82: 0.86 | U82: 0.86 | V82: =(T82-U82)*G82 -> 0 | W82: 0 | X82: =-W82 -> 0 | Y82: =J82-M82-P82-S82-V82-X82 -> -0.184 | Z82: =IF(OR(ABS(M82)>0.5,ABS(P82)>0.5,ABS(S82)>0.5,ABS(V82)>0.5,ABS(X82)>0.5),"是","") -> 是
A83: 高栾凤 | B83: 2 | C83: 皖KQ1052 | D83: #27 | E83: 配票 | F83: 34.49 | G83: 80430.68 | H83: 578.60965 | I83: 578.22485 | J83: =I83-H83 -> -0.3848 | K83: 25 | L83: 25 | M83: =(L83-K83)*F83 -> 0 | N83: 0 | O83: 0 | P83: =(N83-O83)*F83 -> 0 | Q83: 0.865 | R83: 0.865 | S83: =(R83-Q83)*(G83-23*F83) -> 0 | T83: 0.86 | U83: 0.86 | V83: =(T83-U83)*G83 -> 0 | W83: 0 | X83: =-W83 -> 0 | Y83: =J83-M83-P83-S83-V83-X83 -> -0.3848 | Z83: =IF(OR(ABS(M83)>0.5,ABS(P83)>0.5,ABS(S83)>0.5,ABS(V83)>0.5,ABS(X83)>0.5),"是","")
A84: 高栾凤 | B84: 4 | C84: 苏CLK667 | D84: #77 | E84: 配票 | F84: 33.02 | G84: 76606.4 | H84: 552.1031 | I84: 779.13992 | J84: =I84-H84 -> 227.03682 | K84: 25 | L84: 25 | M84: =(L84-K84)*F84 -> 0 | N84: 0 | O84: 0 | P84: =(N84-O84)*F84 -> 0 | Q84: 0.865 | R84: 0.868 | S84: =(R84-Q84)*(G84-23*F84) -> 227.54082 | T84: 0.86 | U84: 0.86 | V84: =(T84-U84)*G84 -> 0 | W84: 0 | X84: =-W84 -> 0 | Y84: =J84-M84-P84-S84-V84-X84 -> -0.504 | Z84: =IF(OR(ABS(M84)>0.5,ABS(P84)>0.5,ABS(S84)>0.5,ABS(V84)>0.5,ABS(X84)>0.5),"是","") -> 是
A85: 闫东鹏 | B85: 2 | C85: 苏BXT103 | D85: #55 | E85: 配票 | F85: 56.14 | G85: 132939.52 | H85: 952.2795 | I85: 951.2923 | J85: =I85-H85 -> -0.9872 | K85: 25 | L85: 25 | M85: =(L85-K85)*F85 -> 0 | N85: 0 | O85: 0 | P85: =(N85-O85)*F85 -> 0 | Q85: 0.865 | R85: 0.865 | S85: =(R85-Q85)*(G85-23*F85) -> 0 | T85: 0.86 | U85: 0.86 | V85: =(T85-U85)*G85 -> 0 | W85: 0 | X85: =-W85 -> 0 | Y85: =J85-M85-P85-S85-V85-X85 -> -0.9872 | Z85: =IF(OR(ABS(M85)>0.5,ABS(P85)>0.5,ABS(S85)>0.5,ABS(V85)>0.5,ABS(X85)>0.5),"是","")
A86: 闫东鹏 | B86: 4 | C86: 苏J19371 | D86: #76 | E86: 反向 | F86: 79.58 | G86: 199745.8 | H86: 2389.3796 | I86: 2388.9916 | J86: =I86-H86 -> -0.388 | K86: 25 | L86: 25 | M86: =(L86-K86)*F86 -> 0 | N86: 0 | O86: 0 | P86: =(N86-O86)*F86 -> 0 | Q86: 0.862 | R86: 0.862 | S86: =(R86-Q86)*G86 -> 0 | T86: 0.86 | U86: 0.86 | V86: =(T86-U86)*G86 -> 0 | W86: 0 | X86: =-W86 -> 0 | Y86: =J86-M86-P86-S86-V86-X86 -> -0.388 | Z86: =IF(OR(ABS(M86)>0.5,ABS(P86)>0.5,ABS(S86)>0.5,ABS(V86)>0.5,ABS(X86)>0.5),"是","")
A87: 闫东鹏 | B87: 5 | C87: 苏L80153 | D87: #75 | E87: 反向 | F87: 47.98 | G87: 123308.6 | H87: 1446.5132 | I87: 1446.1172 | J87: =I87-H87 -> -0.396 | K87: 25 | L87: 25 | M87: =(L87-K87)*F87 -> 0 | N87: 0 | O87: 0 | P87: =(N87-O87)*F87 -> 0 | Q87: 0.862 | R87: 0.862 | S87: =(R87-Q87)*G87 -> 0 | T87: 0.86 | U87: 0.86 | V87: =(T87-U87)*G87 -> 0 | W87: 0 | X87: =-W87 -> 0 | Y87: =J87-M87-P87-S87-V87-X87 -> -0.396 | Z87: =IF(OR(ABS(M87)>0.5,ABS(P87)>0.5,ABS(S87)>0.5,ABS(V87)>0.5,ABS(X87)>0.5),"是","")
A88: 闫东鹏 | B88: 6 | C88: 皖SC6167 | D88: #81 | E88: 反向 | F88: 50.72 | G88: 128017.28 | H88: 1524.8954 | I88: 1524.0346 | J88: =I88-H88 -> -0.8608 | K88: 25 | L88: 25 | M88: =(L88-K88)*F88 -> 0 | N88: 0 | O88: 0 | P88: =(N88-O88)*F88 -> 0 | Q88: 0.862 | R88: 0.862 | S88: =(R88-Q88)*G88 -> 0 | T88: 0.86 | U88: 0.86 | V88: =(T88-U88)*G88 -> 0 | W88: 0 | X88: =-W88 -> 0 | Y88: =J88-M88-P88-S88-V88-X88 -> -0.8608 | Z88: =IF(OR(ABS(M88)>0.5,ABS(P88)>0.5,ABS(S88)>0.5,ABS(V88)>0.5,ABS(X88)>0.5),"是","")
A89: 闫东鹏 | B89: 7 | C89: 苏J19371 | D89: #85 | E89: 反向 | F89: 73.54 | G89: 186056.2 | H89: 2210.9444 | I89: 2210.6124 | J89: =I89-H89 -> -0.332 | K89: 25 | L89: 25 | M89: =(L89-K89)*F89 -> 0 | N89: 0 | O89: 0 | P89: =(N89-O89)*F89 -> 0 | Q89: 0.862 | R89: 0.862 | S89: =(R89-Q89)*G89 -> 0 | T89: 0.86 | U89: 0.86 | V89: =(T89-U89)*G89 -> 0 | W89: 0 | X89: =-W89 -> 0 | Y89: =J89-M89-P89-S89-V89-X89 -> -0.332 | Z89: =IF(OR(ABS(M89)>0.5,ABS(P89)>0.5,ABS(S89)>0.5,ABS(V89)>0.5,ABS(X89)>0.5),"是","")
A90: 闫东鹏 | B90: 8 | C90: 皖AP1626 | D90: #84 | E90: 反向 | F90: 52 | G90: 126308 | H90: 1553.496 | I90: 1552.616 | J90: =I90-H90 -> -0.88 | K90: 25 | L90: 25 | M90: =(L90-K90)*F90 -> 0 | N90: 0 | O90: 0 | P90: =(N90-O90)*F90 -> 0 | Q90: 0.862 | R90: 0.862 | S90: =(R90-Q90)*G90 -> 0 | T90: 0.86 | U90: 0.86 | V90: =(T90-U90)*G90 -> 0 | W90: 0 | X90: =-W90 -> 0 | Y90: =J90-M90-P90-S90-V90-X90 -> -0.88 | Z90: =IF(OR(ABS(M90)>0.5,ABS(P90)>0.5,ABS(S90)>0.5,ABS(V90)>0.5,ABS(X90)>0.5),"是","")
A91: 闫东鹏 | B91: 9 | C91: 皖AP7737 | D91: #94 | E91: 反向 | F91: 30.22 | G91: 75852.2 | H91: 908.0964 | I91: 907.2044 | J91: =I91-H91 -> -0.892 | K91: 25 | L91: 25 | M91: =(L91-K91)*F91 -> 0 | N91: 0 | O91: 0 | P91: =(N91-O91)*F91 -> 0 | Q91: 0.862 | R91: 0.862 | S91: =(R91-Q91)*G91 -> 0 | T91: 0.86 | U91: 0.86 | V91: =(T91-U91)*G91 -> 0 | W91: 0 | X91: =-W91 -> 0 | Y91: =J91-M91-P91-S91-V91-X91 -> -0.892 | Z91: =IF(OR(ABS(M91)>0.5,ABS(P91)>0.5,ABS(S91)>0.5,ABS(V91)>0.5,ABS(X91)>0.5),"是","")
A92: 尹鹏飞 | B92: 2 | C92: 通海机9998 | D92: #54 | E92: 配票 | F92: 481.77 | G92: 1181813.6 | H92: 8369.1999 | I92: 8368.5038 | J92: =I92-H92 -> -0.696 | K92: 25 | L92: 25 | M92: =(L92-K92)*F92 -> 0 | N92: 0 | O92: 0 | P92: =(N92-O92)*F92 -> 0 | Q92: 0.865 | R92: 0.865 | S92: =(R92-Q92)*(G92-23*F92) -> 0 | T92: 0.86 | U92: 0.86 | V92: =(T92-U92)*G92 -> 0 | W92: 0 | X92: =-W92 -> 0 | Y92: =J92-M92-P92-S92-V92-X92 -> -0.696 | Z92: =IF(OR(ABS(M92)>0.5,ABS(P92)>0.5,ABS(S92)>0.5,ABS(V92)>0.5,ABS(X92)>0.5),"是","")
A93: 尹鹏飞 | B93: 3 | C93: 苏兴达货8566 | D93: #57 | E93: 配票 | F93: 560.21 | G93: 1381864.1 | H93: 9769.3618 | I93: 13876.131 | J93: =I93-H93 -> 4106.769 | K93: 25 | L93: 25 | M93: =(L93-K93)*F93 -> 0 | N93: 0 | O93: 0 | P93: =(N93-O93)*F93 -> 0 | Q93: 0.865 | R93: 0.868 | S93: =(R93-Q93)*(G93-23*F93) -> 4106.938 | T93: 0.86 | U93: 0.86 | V93: =(T93-U93)*G93 -> 0 | W93: 0 | X93: =-W93 -> 0 | Y93: =J93-M93-P93-S93-V93-X93 -> -0.169 | Z93: =IF(OR(ABS(M93)>0.5,ABS(P93)>0.5,ABS(S93)>0.5,ABS(V93)>0.5,ABS(X93)>0.5),"是","") -> 是
A94: 尹鹏飞 | B94: 4 | C94: 皖四航6058 | D94: #80 | E94: 配票 | F94: 589.24 | G94: 1444596.1 | H94: 10231.679 | I94: 14524.181 | J94: =I94-H94 -> 4292.5019 | K94: 25 | L94: 25 | M94: =(L94-K94)*F94 -> 0 | N94: 0 | O94: 0 | P94: =(N94-O94)*F94 -> 0 | Q94: 0.865 | R94: 0.868 | S94: =(R94-Q94)*(G94-23*F94) -> 4293.1307 | T94: 0.86 | U94: 0.86 | V94: =(T94-U94)*G94 -> 0 | W94: 0 | X94: =-W94 -> 0 | Y94: =J94-M94-P94-S94-V94-X94 -> -0.6288 | Z94: =IF(OR(ABS(M94)>0.5,ABS(P94)>0.5,ABS(S94)>0.5,ABS(V94)>0.5,ABS(X94)>0.5),"是","") -> 是
A95: 尹鹏飞 | B95: 5 | C95: 苏通源货6666 | D95: #93 | E95: 反向 | F95: 646.85 | G95: 1563945.8 | H95: 19299.564 | I95: 19299.142 | J95: =I95-H95 -> -0.4224 | K95: 25 | L95: 25 | M95: =(L95-K95)*F95 -> 0 | N95: 0 | O95: 0 | P95: =(N95-O95)*F95 -> 0 | Q95: 0.862 | R95: 0.862 | S95: =(R95-Q95)*G95 -> 0 | T95: 0.86 | U95: 0.86 | V95: =(T95-U95)*G95 -> 0 | W95: 0 | X95: =-W95 -> 0 | Y95: =J95-M95-P95-S95-V95-X95 -> -0.4224 | Z95: =IF(OR(ABS(M95)>0.5,ABS(P95)>0.5,ABS(S95)>0.5,ABS(V95)>0.5,ABS(X95)>0.5),"是","")
A96: 王荣胜 | B96: 2 | C96: 鲁济宁货4095 | D96: #19 | E96: 配票 | F96: 518.48 | G96: 1271259 | H96: 6460.8408 | I96: 9003.1352 | J96: =I96-H96 -> 2542.2944 | K96: 25 | L96: 25 | M96: =(L96-K96)*F96 -> 0 | N96: 0 | O96: 0 | P96: =(N96-O96)*F96 -> 0 | Q96: 0.865 | R96: 0.865 | S96: =(R96-Q96)*(G96-23*F96) -> 0 | T96: 0.862 | U96: 0.86 | V96: =(T96-U96)*G96 -> 2542.5179 | W96: 0 | X96: =-W96 -> 0 | Y96: =J96-M96-P96-S96-V96-X96 -> -0.22352 | Z96: =IF(OR(ABS(M96)>0.5,ABS(P96)>0.5,ABS(S96)>0.5,ABS(V96)>0.5,ABS(X96)>0.5),"是","") -> 是
A97: 陈杰 | B97: 2 | C97: 苏K66529 | D97: #60 | E97: 配票 | F97: 39.12 | G97: 89584.8 | H97: 648.5596 | I97: 647.6316 | J97: =I97-H97 -> -0.928 | K97: 25 | L97: 25 | M97: =(L97-K97)*F97 -> 0 | N97: 0 | O97: 0 | P97: =(N97-O97)*F97 -> 0 | Q97: 0.865 | R97: 0.865 | S97: =(R97-Q97)*(G97-23*F97) -> 0 | T97: 0.86 | U97: 0.86 | V97: =(T97-U97)*G97 -> 0 | W97: 0 | X97: =-W97 -> 0 | Y97: =J97-M97-P97-S97-V97-X97 -> -0.928 | Z97: =IF(OR(ABS(M97)>0.5,ABS(P97)>0.5,ABS(S97)>0.5,ABS(V97)>0.5,ABS(X97)>0.5),"是","")
A98: 合计 | F98: =SUM(F3:F97) -> 9069.26 | G98: =SUM(G3:G97) -> 21956971 | H98: =SUM(H3:H97) -> 151814.86 | I98: =SUM(I3:I97) -> 179658.53 | J98: =SUM(J3:J97) -> 27843.671 | M98: =SUM(M3:M97) -> 12531.4 | P98: =SUM(P3:P97) -> 4460.529 | S98: =SUM(S3:S97) -> 9157.4511 | V98: =SUM(V3:V97) -> 2542.5179 | X98: =SUM(X3:X97) -> -800 | Y98: =SUM(Y3:Y97) -> -48.22676 | Z98: =COUNTIF(Z3:Z97,"是") -> 50

Sheet 计算口径对照
A1: 路径 | B1: 财务表公式 | C1: 系统公式 | D1: 是否一致
A2: 配票（俊兴/益周） | B2: 欧冶=结算额−23×吨；实际付款=INT(结算额×0.86)；利润=欧冶×0.865−实际付款+量补−提成 | C2: 给客户付=结算额×(1−14%)；前端实付=(结算额−23×吨)×(1−13.5%)；利润=量补−(给客户付−前端实付)−提成−切割费 | D2: 一致（差 INT 取整、切割费）
A3: 配票（煌烽） | B3: 「林凯」表：利润=欧冶×0.868−实际付款+25×吨；「邓晶焱/高栾凤/尹鹏飞」表仍用×0.865 | C3: 前端实付按煌烽 13.2%（×0.868） | D3: 「林凯」表一致；另三张表财务公式疑似没改
A4: 反向 | B4: 实际付款=INT(结算额×0.86)；带票公司付=结算额×0.862；利润=结算额×0.862−实际付款+25×吨（不扣垫资） | C4: 反向票点 13.8%，本期垫资费 0 | D4: 一致
A5: 带票 | B5: 欧冶=结算额−23×吨；付供货厂=INT(结算额−40×吨)；利润=欧冶−付款+25×吨−15×吨（=27元/吨） | C5: 毛服务费40−垫资23−提成15+量补25=27元/吨，再减切割费 | D5: 一致（差切割费）
A6: 量补 | B6: 每行手写 20 或 25 | C6: 按钢厂结算周期累计吨位查阶梯：7/26~8/25 周期 20，8/26~9/25 周期 25 | D6: 8/26~9/05 林凯/邓晶焱的车不一致
A7: 林凯提成 | B7: 配票 9/05 前 −5×吨；带票 −15×吨 | C7: 配票 5 元/吨到 9/04，9/05 起 0；带票 15 元/吨 | D7: 规则一致；差在哪些车算林凯的
